,code,name,income_2015,profit_2015,roe_2015(%),income_2016,profit_2016,roe_2016(%),income_2017,profit_2017,roe_2017(%)
0,002932,明德生物,9534万,3560万,44.5,1.41亿,5969万,41.1,1.65亿,6549万,31.51
1,600461,洪城水业,30.90亿,2.57亿,11.14,30.91亿,2.32亿,8.28,35.44亿,2.74亿,8.74
2,603706,东方环宇,3.49亿,9501万,32.13,3.25亿,1.43亿,34.31,4.45亿,9657万,18.83
3,603105,芯能科技,16.03亿,1.20亿,87.44,11.49亿,7771万,10.65,9.36亿,1.16亿,12.12
4,603713,密尔克卫,6.30亿,5135万,14.26,9.39亿,5603万,10.35,12.91亿,8369万,12.47
5,000789,万年青,55.83亿,2.49亿,9.72,56.58亿,2.29亿,8.44,70.94亿,4.63亿,15.61
6,603587,地素时尚,18.52亿,5.03亿,63.7,18.16亿,5.22亿,55.27,19.46亿,4.80亿,43.98
7,603650,彤程新材,15.60亿,7662万,19.2,17.33亿,2.63亿,35.4,19.01亿,3.15亿,27.99
8,300747,锐科激光,3.13亿,2464万,14.04,5.23亿,8904万,37.45,9.52亿,2.77亿,70.45
9,601066,中信建投,190亿,86.39亿,40.0,133亿,52.59亿,18.1,113亿,40.15亿,9.9
10,300750,宁德时代,57.03亿,9.31亿,130.37,149亿,28.52亿,69.55,200亿,38.78亿,18.99
11,603666,亿嘉和,1.90亿,1351万,23.14,2.62亿,5486万,38.23,3.74亿,1.39亿,51.41
12,601330,绿色动力,5.18亿,1.51亿,8.35,6.64亿,2.31亿,11.6,7.85亿,2.06亿,9.55
13,601138,工业富联,2728亿,144亿,27.67,2727亿,144亿,20.93,3545亿,159亿,18.87
14,300746,汉嘉设计,4.95亿,4817万,9.1,5.02亿,4768万,9.27,7.26亿,6049万,10.64
15,300454,深信服,13.19亿,3.30亿,29.07,17.50亿,2.58亿,13.21,24.72亿,5.74亿,39.44
16,603045,福达合金,8.49亿,4106万,10.08,10.37亿,4627万,10.46,12.55亿,5476万,11.41
17,300745,欣锐科技,3.46亿,9190万,74.0,5.85亿,1.26亿,39.17,4.91亿,9150万,13.98
18,600029,南方航空,1115亿,38.51亿,10.38,1148亿,50.56亿,12.28,1275亿,59.14亿,12.84
19,000006,深振业A,36.54亿,4.17亿,9.77,33.59亿,7.79亿,16.56,29.59亿,8.06亿,15.24
20,002323,雅百特,4.44亿,6933万,19.52,12.85亿,2.39亿,44.85,13.77亿,2.64亿,35.21
21,300267,尔康制药,17.38亿,5.89亿,29.02,27.06亿,7.95亿,17.54,28.28亿,5.22亿,10.14
22,603013,亚普股份,62.16亿,3.91亿,18.53,65.56亿,3.76亿,19.44,70.75亿,3.35亿,16.54
23,603259,药明康德,48.83亿,3.49亿,14.45,61.16亿,9.75亿,29.1,77.65亿,12.27亿,21.14
24,002360,同德化工,6.75亿,8104万,8.58,6.46亿,8274万,8.37,7.10亿,9613万,9.42
25,603876,鼎胜新材,64.18亿,1.61亿,11.56,70.89亿,3.34亿,17.16,92.00亿,2.73亿,12.24
26,603773,沃格光电,2.23亿,3408万,12.41,3.12亿,7473万,15.73,6.54亿,2.08亿,32.99
27,300742,越博动力,3.52亿,2635万,20.95,6.54亿,8187万,18.83,9.00亿,9426万,14.26
28,300743,天地数码,3.12亿,3486万,40.98,3.39亿,4143万,36.36,3.77亿,4452万,30.92
29,603301,振德医疗,10.21亿,7906万,50.92,10.35亿,8284万,21.88,13.06亿,1.22亿,24.43
30,300504,天邑股份,10.87亿,1.20亿,33.2,17.88亿,1.52亿,30.45,23.55亿,2.30亿,31.36
31,603596,伯特利,14.71亿,1.66亿,42.8,22.12亿,2.72亿,39.59,24.19亿,2.77亿,29.02
32,603897,长城科技,28.90亿,5237万,11.82,32.29亿,1.14亿,21.03,45.84亿,1.77亿,25.05
33,600929,湖南盐业,22.59亿,2.04亿,13.3,21.76亿,1.39亿,8.61,22.04亿,1.59亿,9.21
34,002931,锋龙股份,2.53亿,3778万,42.4,2.51亿,4256万,32.01,3.13亿,4781万,24.18
35,002930,宏川智慧,3.32亿,8013万,11.85,3.67亿,8397万,8.06,3.65亿,9264万,8.08
36,603214,爱婴室,13.88亿,5962万,25.44,15.85亿,7399万,25.78,18.08亿,9358万,27.29
37,300634,彩讯股份,3.51亿,6866万,9.77,4.62亿,9109万,13.63,6.16亿,1.32亿,16.91
38,603059,倍加洁,4.72亿,5099万,28.18,6.26亿,6782万,30.89,6.69亿,8656万,28.84
39,002928,华夏航空,17.92亿,2.42亿,68.56,25.51亿,3.46亿,55.56,34.48亿,3.74亿,38.5
40,300741,华宝股份,27.92亿,13.27亿,19.83,26.15亿,12.63亿,22.61,21.98亿,11.48亿,22.29
41,002929,润建通信,15.13亿,1.45亿,28.58,22.93亿,1.79亿,26.88,27.78亿,2.39亿,22.46
42,603680,今创集团,24.73亿,6.73亿,46.94,25.72亿,6.44亿,30.8,29.32亿,6.00亿,33.26
43,603156,养元饮品,91.17亿,26.20亿,57.77,89.00亿,27.41亿,46.73,77.41亿,23.10亿,38.77
44,601360,三六零,93.57亿,13.40亿,14.87,99.04亿,18.72亿,9.8,122亿,33.72亿,25.6
45,002927,泰永长征,3.04亿,5343万,23.03,3.24亿,6335万,22.19,3.29亿,6961万,19.78
46,603712,七一二,15.16亿,1.81亿,13.24,13.90亿,1.59亿,11.2,14.85亿,1.94亿,12.48
47,600901,江苏租赁,13.25亿,7.32亿,16.89,18.10亿,8.24亿,16.45,19.43亿,10.11亿,17.46
48,300644,南京聚隆,8.20亿,7512万,28.16,9.03亿,7866万,22.67,10.24亿,5643万,13.85
49,300739,明阳电路,6.33亿,5960万,20.83,8.16亿,1.23亿,33.1,10.54亿,1.17亿,24.22
50,603516,淳中科技,1.69亿,4818万,49.26,2.19亿,8134万,42.86,2.50亿,9093万,35.01
51,300740,御家汇,7.69亿,5315万,41.75,11.71亿,7377万,27.59,16.46亿,1.58亿,34.43
52,002926,华西证券,60.11亿,26.81亿,29.55,27.10亿,16.66亿,14.93,26.70亿,10.19亿,8.26
53,300737,科顺股份,12.00亿,1.65亿,37.41,14.73亿,2.64亿,31.47,20.39亿,2.18亿,16.15
54,300738,奥飞数据,1.60亿,2680万,105.01,2.98亿,5557万,35.4,3.79亿,6273万,26.58
55,603895,天永智能,2.95亿,6047万,40.13,3.82亿,6309万,31.84,4.24亿,6201万,23.78
56,300624,万兴科技,2.63亿,4991万,28.0,3.68亿,6349万,29.87,4.67亿,6860万,27.71
57,603356,华菱精工,5.95亿,5119万,22.71,5.71亿,6391万,23.73,6.82亿,5968万,18.9
58,603506,南都物业,4.71亿,2211万,20.53,5.78亿,6296万,38.93,8.20亿,7483万,29.58
59,603056,德邦股份,129亿,3.37亿,17.06,170亿,3.80亿,16.27,204亿,5.47亿,19.53
60,601828,美凯龙,91.79亿,32.25亿,10.48,94.36亿,33.97亿,9.55,110亿,40.78亿,10.48
61,601838,成都银行,89.59亿,28.16亿,14.69,86.21亿,25.77亿,12.24,96.54亿,39.09亿,16.83
62,300735,光弘科技,9.18亿,9517万,23.39,12.27亿,1.54亿,31.52,12.74亿,1.74亿,24.86
63,002923,润都股份,5.78亿,7117万,25.35,6.52亿,8747万,24.68,7.79亿,9065万,20.44
64,300664,鹏鹞环保,8.22亿,1.75亿,10.61,7.08亿,2.63亿,14.04,8.08亿,2.19亿,10.38
65,603080,新疆火炬,3.06亿,9861万,42.01,3.11亿,1.19亿,30.8,3.61亿,8526万,17.56
66,002922,伊戈尔,7.98亿,1.27亿,38.77,8.81亿,7163万,16.52,11.49亿,7776万,16.27
67,603329,上海雅仕,15.89亿,7568万,23.5,13.25亿,6485万,18.4,17.00亿,7784万,19.81
68,603655,朗博科技,1.42亿,3414万,17.47,1.56亿,3018万,11.18,1.87亿,3527万,11.71
69,002920,德赛西威,36.68亿,3.59亿,49.99,56.78亿,5.90亿,55.63,60.10亿,6.16亿,41.37
70,002918,蒙娜丽莎,15.81亿,1.16亿,27.64,23.24亿,2.33亿,34.51,28.90亿,3.02亿,32.0
71,603871,嘉友国际,6.27亿,1.02亿,39.36,9.57亿,1.46亿,41.55,32.44亿,2.06亿,43.82
72,300731,科创新源,1.54亿,3536万,29.98,1.88亿,5405万,31.46,2.54亿,6421万,28.53
73,300727,润禾材料,2.69亿,3350万,19.45,3.01亿,3629万,17.18,4.61亿,4819万,17.0
74,603685,晨丰科技,4.62亿,5872万,31.74,5.82亿,9251万,31.41,7.77亿,1.12亿,26.32
75,002915,中欣氟材,3.78亿,3655万,19.77,3.44亿,3276万,12.67,4.01亿,4704万,15.64
76,300730,科创信息,2.49亿,3434万,24.76,2.71亿,3749万,20.87,3.07亿,4449万,21.25
77,603917,合力科技,3.85亿,7383万,24.4,4.56亿,7836万,21.25,5.39亿,8176万,17.54
78,603283,赛腾股份,4.89亿,1.27亿,60.09,4.03亿,4805万,16.35,6.83亿,9567万,27.4
79,603848,好太太,6.79亿,1.33亿,34.01,8.08亿,1.52亿,28.42,11.13亿,2.06亿,27.95
80,002913,奥士康,10.55亿,1.62亿,30.66,13.12亿,1.90亿,27.37,17.36亿,1.73亿,18.52
81,603711,香飘飘,19.52亿,2.04亿,22.77,23.90亿,2.66亿,23.53,26.40亿,2.68亿,19.58
82,300729,乐歌股份,3.77亿,5086万,22.82,4.88亿,6008万,20.09,7.48亿,6283万,16.07
83,603661,恒林股份,15.30亿,1.90亿,43.22,17.23亿,2.64亿,51.14,18.96亿,1.66亿,19.63
84,300736,百华悦邦,6.21亿,4008万,25.44,6.48亿,4725万,26.28,6.75亿,3964万,20.45
85,002911,佛燃股份,40.94亿,3.69亿,26.24,37.69亿,3.37亿,21.42,42.92亿,3.47亿,21.01
86,002925,盈趣科技,9.80亿,1.65亿,50.88,16.48亿,4.45亿,72.25,32.67亿,9.84亿,80.97
87,300684,中石科技,1.78亿,3369万,11.37,1.98亿,3687万,11.66,5.70亿,8224万,22.24
88,603890,春秋电子,12.75亿,8709万,49.41,14.65亿,1.47亿,45.84,17.40亿,1.60亿,31.44
89,603161,科华控股,6.17亿,8102万,21.58,7.35亿,1.00亿,19.51,9.17亿,1.07亿,17.5
90,300726,宏达电子,3.95亿,7496万,18.5,4.49亿,1.96亿,28.11,5.24亿,2.00亿,21.73
91,603365,水星家纺,18.51亿,1.35亿,20.36,19.77亿,1.98亿,24.36,24.62亿,2.57亿,24.21
92,300723,一品红,10.28亿,6042万,41.85,12.51亿,1.37亿,51.92,13.80亿,1.57亿,33.84
93,601019,山东出版,77.50亿,9.84亿,23.14,80.34亿,10.47亿,22.14,89.01亿,13.65亿,23.51
94,300733,西菱动力,5.12亿,6297万,15.11,6.48亿,9276万,19.76,6.16亿,1.01亿,17.76
95,002864,盘龙药业,2.56亿,4264万,15.97,3.05亿,3953万,12.83,3.77亿,4372万,11.98
96,300721,怡达股份,10.95亿,5757万,18.7,10.02亿,5953万,13.72,12.13亿,6458万,11.83
97,300717,华信新材,2.40亿,4228万,19.27,2.28亿,4219万,17.12,2.84亿,4309万,14.33
98,300720,海川智能,1.13亿,3183万,17.01,1.36亿,3788万,17.95,1.51亿,3815万,15.23
99,603507,振江股份,4.22亿,5587万,25.47,8.23亿,1.45亿,32.06,9.43亿,1.16亿,16.49
100,603709,中源家居,4.26亿,5912万,83.73,5.92亿,7322万,69.28,7.85亿,8268万,51.63
101,603477,振静股份,5.43亿,3972万,12.8,5.92亿,5829万,14.55,6.55亿,6239万,13.48
102,603916,苏博特,13.14亿,1.71亿,19.46,13.14亿,1.33亿,12.54,16.80亿,1.34亿,10.87
103,300711,广哈通信,2.57亿,4669万,24.13,2.64亿,5369万,23.03,2.61亿,5529万,17.6
104,300719,安达维尔,3.11亿,5371万,22.11,3.98亿,9118万,27.04,4.40亿,8979万,18.57
105,002916,深南电路,35.19亿,1.62亿,12.15,45.99亿,2.74亿,18.48,56.87亿,4.48亿,25.61
106,603856,东宏股份,11.33亿,1.00亿,14.34,11.24亿,9771万,12.39,15.06亿,1.22亿,12.59
107,300718,长盛轴承,3.73亿,8879万,21.29,4.04亿,8075万,17.4,5.67亿,1.21亿,19.78
108,603659,璞泰来,9.23亿,9929万,29.82,16.77亿,3.54亿,43.11,22.49亿,4.51亿,32.45
109,300732,设研院,4.05亿,4995万,10.32,5.91亿,1.30亿,22.52,9.35亿,2.30亿,31.26
110,603937,丽岛新材,10.11亿,5652万,9.69,11.28亿,8791万,13.42,12.44亿,9600万,11.75
111,300713,英可瑞,2.56亿,6058万,53.38,3.89亿,9769万,50.68,3.80亿,8423万,24.21
112,300712,永福股份,3.87亿,5780万,20.79,4.45亿,7330万,19.15,5.64亿,7697万,14.8
113,002910,庄园牧场,6.26亿,7325万,13.0,6.66亿,7591万,11.0,6.28亿,6835万,8.0
114,603260,合盛硅业,36.14亿,2.49亿,13.03,45.75亿,6.52亿,28.02,69.50亿,15.17亿,42.12
115,300715,凯伦股份,2.18亿,2853万,31.12,2.69亿,4024万,30.32,3.94亿,4457万,22.24
116,002917,金奥博,3.99亿,7253万,43.75,4.56亿,6177万,32.97,4.32亿,6252万,22.19
117,002921,联诚精密,5.07亿,4326万,11.99,5.12亿,4746万,11.76,6.10亿,4710万,10.88
118,603607,京华激光,4.29亿,5638万,26.54,4.41亿,6710万,25.94,5.36亿,8263万,21.22
119,300709,精研科技,4.54亿,1.20亿,60.05,7.09亿,1.62亿,49.33,9.22亿,1.55亿,34.53
120,002909,集泰股份,5.06亿,4895万,22.64,5.01亿,4269万,16.41,8.02亿,4524万,16.69
121,603396,金辰股份,2.92亿,6464万,24.56,4.29亿,6539万,16.98,5.71亿,7617万,14.98
122,603829,洛凯股份,4.32亿,4327万,18.58,4.43亿,5221万,17.71,4.86亿,5365万,14.21
123,603722,阿科力,3.14亿,5669万,30.96,2.26亿,4599万,19.6,2.91亿,5001万,15.74
124,002907,华森制药,4.69亿,7384万,22.44,5.52亿,9571万,23.14,5.92亿,1.12亿,20.67
125,601108,财通证券,102亿,30.75亿,27.94,42.56亿,17.86亿,13.03,40.12亿,15.04亿,9.14
126,002908,德生科技,4.35亿,9116万,32.81,3.43亿,4873万,14.16,4.27亿,5752万,13.8
127,603466,风语筑,10.19亿,6575万,19.42,12.27亿,1.13亿,21.76,14.99亿,1.66亿,22.2
128,002905,金逸影视,23.25亿,2.46亿,45.16,21.56亿,1.95亿,25.51,21.91亿,2.12亿,19.15
129,002906,华阳集团,41.45亿,1.81亿,8.49,42.47亿,2.95亿,13.05,41.66亿,2.80亿,10.76
130,603378,亚士创能,8.93亿,1.17亿,28.21,10.73亿,1.22亿,22.98,13.55亿,1.14亿,14.13
131,300725,药石科技,1.36亿,1993万,17.85,1.88亿,3612万,21.18,2.73亿,6718万,22.84
132,600933,爱柯迪,14.66亿,3.47亿,31.08,18.12亿,4.83亿,29.96,21.75亿,4.66亿,22.06
133,002903,宇环数控,1.10亿,2255万,10.6,2.60亿,8037万,31.48,2.50亿,7898万,22.22
134,002919,名臣健康,5.88亿,4351万,21.52,5.96亿,4741万,18.04,6.42亿,4851万,16.09
135,603076,乐惠国际,7.24亿,6440万,37.93,9.51亿,7668万,22.77,8.32亿,6719万,15.43
136,603499,翔港科技,2.74亿,4269万,21.01,2.85亿,4527万,19.22,3.39亿,4583万,14.56
137,603110,东方材料,3.76亿,6361万,25.78,3.87亿,6105万,21.01,3.95亿,5503万,15.05
138,603367,辰欣药业,24.97亿,2.47亿,12.4,25.65亿,2.47亿,11.28,29.63亿,3.67亿,13.32
139,603103,横店影视,21.13亿,3.44亿,70.9,22.81亿,3.56亿,43.78,25.18亿,3.31亿,26.18
140,603136,天目湖,4.23亿,5403万,22.21,4.22亿,6929万,24.57,4.61亿,8447万,19.02
141,002902,铭普光磁,13.29亿,8093万,19.56,14.07亿,9065万,18.34,15.10亿,8036万,11.77
142,300705,九典制药,2.90亿,4464万,19.23,3.76亿,5453万,17.93,5.35亿,6857万,16.14
143,300722,新余国科,1.63亿,2731万,21.47,1.82亿,3423万,17.52,2.00亿,4474万,19.46
144,603278,大业股份,11.35亿,7255万,17.89,14.01亿,1.43亿,27.86,18.85亿,1.31亿,19.02
145,300716,国立科技,5.23亿,4651万,16.67,6.31亿,5977万,14.89,7.58亿,6158万,12.24
146,603605,珀莱雅,16.45亿,1.44亿,43.08,16.23亿,1.54亿,31.76,17.83亿,2.01亿,27.93
147,603809,豪能股份,6.01亿,1.07亿,17.71,6.44亿,1.26亿,17.58,8.42亿,1.50亿,16.6
148,603970,中农立华,32.34亿,8827万,32.52,33.98亿,8172万,25.48,35.03亿,9033万,22.63
149,601086,国芳集团,29.29亿,1.04亿,11.4,28.40亿,9183万,8.1,29.02亿,1.21亿,9.17
150,300703,创源文化,5.12亿,3632万,31.64,6.54亿,7558万,48.8,6.77亿,6053万,21.06
151,300654,世纪天鸿,3.85亿,3394万,17.05,3.80亿,3132万,13.48,3.81亿,3136万,10.44
152,603363,傲农生物,40.13亿,3378万,13.24,49.78亿,9138万,21.39,49.03亿,1.08亿,18.52
153,002901,大博医疗,3.92亿,1.89亿,54.42,4.63亿,2.19亿,41.87,5.94亿,2.96亿,37.76
154,603157,拉夏贝尔,74.39亿,6.15亿,19.56,85.51亿,5.32亿,15.46,89.99亿,4.99亿,13.59
155,300710,万隆光电,3.07亿,3902万,15.2,3.92亿,4500万,16.5,4.18亿,4678万,13.08
156,603912,佳力图,3.75亿,5103万,23.59,4.20亿,5845万,24.2,4.60亿,8226万,23.36
157,002899,英派斯,7.31亿,7618万,23.78,7.79亿,8519万,21.42,8.57亿,8317万,14.3
158,603922,金鸿顺,8.54亿,8141万,22.56,9.01亿,1.06亿,23.44,10.42亿,9058万,14.19
159,603963,大理药业,2.67亿,6229万,18.72,2.76亿,6217万,28.38,2.73亿,4445万,16.34
160,002900,哈三联,7.22亿,1.66亿,24.44,7.61亿,1.75亿,22.69,11.49亿,1.81亿,16.78
161,603106,恒银金融,9.12亿,1.41亿,28.14,11.69亿,1.44亿,21.78,14.84亿,1.49亿,15.19
162,300701,森霸传感,1.32亿,3611万,26.08,1.55亿,4684万,30.46,1.77亿,6005万,25.3
163,300702,天宇股份,8.40亿,5035万,10.6,10.82亿,1.22亿,22.25,11.88亿,1.00亿,12.64
164,603533,掌阅科技,6.40亿,2957万,19.21,11.98亿,7721万,11.16,16.67亿,1.24亿,14.98
165,300707,威唐工业,2.36亿,3636万,27.19,3.17亿,5444万,24.86,4.37亿,8459万,24.1
166,603321,梅轮电梯,8.62亿,1.12亿,34.93,7.81亿,9062万,20.38,7.32亿,7664万,11.86
167,603083,剑桥科技,26.44亿,1.23亿,27.88,19.98亿,6632万,11.13,24.87亿,6060万,8.28
168,603289,泰瑞机器,4.05亿,5349万,14.4,5.12亿,7364万,17.28,7.03亿,8351万,15.11
169,603648,畅联股份,12.02亿,1.19亿,20.0,11.68亿,1.30亿,16.27,11.51亿,1.39亿,13.61
170,603527,众源新材,22.02亿,6144万,22.21,21.54亿,7449万,21.61,29.84亿,8559万,16.21
171,603386,广东骏亚,5.84亿,6215万,35.82,8.00亿,6044万,25.45,9.88亿,6562万,17.67
172,300700,岱勒新材,1.32亿,3056万,16.9,1.85亿,3930万,18.22,4.35亿,1.11亿,32.98
173,002912,中新赛克,2.92亿,8824万,20.33,3.43亿,1.01亿,18.41,4.98亿,1.32亿,20.09
174,603277,银都股份,9.41亿,1.68亿,40.64,11.48亿,2.42亿,46.45,13.60亿,1.98亿,27.15
175,002897,意华股份,9.15亿,8474万,19.63,9.91亿,9910万,20.22,12.15亿,9398万,13.68
176,002898,赛隆药业,2.37亿,6332万,36.79,2.56亿,6125万,25.65,3.64亿,6451万,17.84
177,603882,金域医学,23.89亿,1.31亿,23.28,32.22亿,1.70亿,16.75,37.92亿,1.89亿,14.52
178,300697,电工合金,11.82亿,5335万,20.13,10.59亿,5485万,16.49,13.14亿,6123万,12.06
179,002896,中大力德,3.00亿,3052万,12.43,3.70亿,4676万,18.73,4.98亿,5984万,16.21
180,603725,天安新材,6.67亿,5283万,16.33,8.60亿,7188万,19.0,9.65亿,5531万,10.22
181,603183,建研院,3.92亿,4161万,18.12,3.92亿,5497万,18.17,4.44亿,6598万,15.68
182,603500,祥和实业,3.15亿,8928万,40.95,2.62亿,7412万,22.79,3.00亿,7792万,16.43
183,300699,光威复材,5.43亿,1.76亿,15.68,6.33亿,1.99亿,15.19,9.49亿,2.37亿,12.85
184,603127,昭衍新药,2.07亿,4917万,26.82,2.42亿,5169万,22.1,3.01亿,7645万,20.57
185,300698,万马科技,3.80亿,3377万,28.41,3.71亿,3692万,22.34,3.41亿,2734万,10.78
186,300696,爱乐达,1.05亿,5039万,26.93,1.19亿,6818万,26.5,1.36亿,7364万,17.09
187,603079,圣达生物,5.36亿,8670万,23.55,4.82亿,6094万,12.98,5.09亿,7261万,12.93
188,603813,原尚股份,2.93亿,3243万,14.6,3.38亿,4095万,13.56,3.93亿,5189万,13.09
189,300706,阿石创,1.24亿,2634万,24.85,1.75亿,3603万,19.5,2.36亿,4093万,15.48
190,002893,华通热力,8.56亿,4958万,18.93,8.63亿,4948万,15.78,9.15亿,5221万,11.0
191,300695,兆丰股份,3.35亿,1.13亿,28.06,5.11亿,1.99亿,46.35,6.08亿,2.05亿,25.39
192,300692,中环环保,1.48亿,3282万,11.05,1.78亿,4619万,10.9,2.33亿,5069万,9.41
193,002892,科力尔,4.54亿,5969万,34.25,5.04亿,6751万,31.34,5.92亿,6545万,18.24
194,603557,起步股份,11.28亿,1.51亿,25.15,12.34亿,1.76亿,19.97,13.39亿,1.94亿,17.55
195,603181,皇马科技,13.80亿,6470万,12.03,15.01亿,9013万,15.13,16.83亿,1.48亿,16.58
196,603976,正川股份,4.80亿,6070万,13.48,4.70亿,7051万,14.57,5.09亿,8218万,12.17
197,002891,中宠股份,6.48亿,5569万,24.66,7.91亿,6728万,23.42,10.15亿,7367万,16.37
198,603129,春风动力,12.00亿,5928万,55.84,14.01亿,8827万,25.42,18.18亿,9741万,16.92
199,300693,盛弘股份,3.06亿,4301万,32.95,4.47亿,6386万,29.5,4.51亿,4601万,12.61
200,601949,中国出版,41.00亿,6.57亿,18.62,41.57亿,5.81亿,14.39,46.97亿,5.31亿,10.98
201,603359,东珠景观,8.79亿,1.51亿,17.54,9.80亿,1.85亿,16.42,12.24亿,2.43亿,15.4
202,600637,东方明珠,185亿,29.07亿,14.49,194亿,29.34亿,11.42,163亿,22.37亿,8.28
203,300689,澄天伟业,2.50亿,2753万,13.24,2.64亿,4258万,17.52,2.95亿,5290万,13.79
204,300688,创业黑马,1.67亿,533万,11.88,1.84亿,4054万,26.18,1.85亿,4717万,18.84
205,300690,双一科技,4.80亿,1.02亿,36.56,4.80亿,1.08亿,30.97,5.95亿,1.11亿,19.45
206,300691,联合光电,6.10亿,4452万,18.3,7.33亿,7510万,21.38,9.34亿,8199万,15.49
207,603602,纵横通信,4.18亿,4853万,17.94,5.11亿,5371万,18.32,5.88亿,5995万,13.75
208,603721,中广天择,2.89亿,3809万,13.92,4.53亿,4005万,12.8,3.92亿,6375万,15.45
209,603978,深圳新星,7.01亿,8225万,16.83,7.94亿,1.33亿,22.27,10.09亿,1.05亿,11.63
210,603619,中曼石油,16.32亿,1.89亿,23.87,15.95亿,3.94亿,36.44,17.72亿,3.95亿,22.46
211,300687,赛意信息,4.08亿,4310万,36.18,6.12亿,8200万,36.47,7.09亿,1.01亿,22.62
212,603458,勘设股份,15.31亿,1.07亿,16.56,15.86亿,1.61亿,21.43,19.27亿,3.29亿,26.52
213,002890,弘宇股份,3.47亿,6000万,24.45,2.82亿,3777万,13.36,2.83亿,4010万,10.45
214,300685,艾德生物,1.77亿,2109万,10.55,2.53亿,6703万,24.43,3.30亿,9407万,20.54
215,300683,海特生物,6.79亿,8335万,14.91,7.71亿,1.57亿,23.62,7.50亿,1.42亿,13.77
216,603535,嘉诚国际,7.18亿,7216万,12.31,8.59亿,1.04亿,15.31,10.34亿,1.19亿,12.27
217,603860,中公高科,1.53亿,4710万,19.66,1.72亿,5393万,19.54,1.92亿,4690万,11.56
218,603880,南卫股份,4.33亿,5124万,21.8,4.44亿,5198万,21.06,4.89亿,4760万,13.14
219,300686,智动力,5.51亿,4763万,18.47,6.62亿,5891万,18.28,5.68亿,4202万,9.67
220,002668,奥马电器,47.02亿,2.67亿,16.46,50.41亿,3.05亿,16.17,69.64亿,3.81亿,11.66
221,300676,华大基因,13.19亿,2.62亿,9.2,17.11亿,3.33亿,10.38,20.96亿,3.98亿,10.75
222,603825,华扬联众,51.81亿,7792万,15.41,66.39亿,1.03亿,15.45,82.16亿,1.27亿,13.98
223,300682,朗新科技,6.18亿,7171万,9.35,7.50亿,1.22亿,15.4,7.83亿,1.39亿,14.7
224,300681,英搏尔,4.26亿,9228万,90.96,4.08亿,6538万,27.91,5.36亿,8430万,27.17
225,603357,设计总院,8.51亿,1.40亿,24.1,9.67亿,1.96亿,28.26,13.74亿,2.89亿,23.59
226,300679,电连技术,9.09亿,2.26亿,37.34,13.92亿,3.59亿,41.63,14.23亿,3.61亿,18.98
227,603233,大参林,52.65亿,3.95亿,51.71,62.74亿,4.30亿,37.96,74.21亿,4.75亿,24.28
228,603676,卫信康,4.40亿,1.13亿,32.93,4.26亿,1.15亿,25.01,4.20亿,1.02亿,16.02
229,603063,禾望电气,9.52亿,3.32亿,33.42,8.08亿,2.62亿,20.41,8.78亿,2.33亿,12.74
230,002889,东方嘉盛,44.05亿,8183万,12.13,68.87亿,9057万,12.49,101亿,1.18亿,11.85
231,300678,中科信息,2.69亿,4058万,14.19,2.44亿,3876万,12.2,2.91亿,4254万,10.24
232,300677,英科医疗,9.98亿,6422万,23.18,11.83亿,8605万,17.51,17.50亿,1.45亿,18.88
233,002888,惠威科技,2.45亿,3341万,16.52,2.43亿,3704万,15.67,2.64亿,3361万,10.28
234,603707,健友股份,4.69亿,8755万,8.24,5.82亿,2.57亿,21.37,11.13亿,3.14亿,19.07
235,002887,绿茵生态,5.87亿,1.17亿,24.89,6.85亿,1.72亿,27.19,6.96亿,1.78亿,16.11
236,002884,凌霄泵业,7.65亿,1.14亿,21.18,8.15亿,1.50亿,25.66,9.84亿,1.88亿,22.79
237,300675,建科院,2.81亿,2333万,9.2,3.46亿,3154万,11.51,3.82亿,3399万,11.33
238,603387,基蛋生物,2.76亿,1.05亿,49.9,3.69亿,1.38亿,43.15,4.89亿,1.94亿,28.7
239,603595,东尼电子,2.92亿,5659万,40.52,3.32亿,6344万,28.83,7.26亿,1.73亿,37.32
240,603757,大元泵业,6.37亿,6475万,30.88,7.67亿,1.23亿,43.49,11.23亿,1.79亿,31.65
241,603305,旭升股份,3.51亿,8050万,31.98,5.69亿,2.04亿,48.92,7.39亿,2.22亿,28.05
242,603730,岱美股份,23.25亿,3.17亿,29.34,27.43亿,4.45亿,33.02,32.47亿,5.82亿,26.81
243,603331,百达精工,4.76亿,3567万,12.67,5.49亿,5556万,16.96,7.28亿,6290万,12.17
244,001965,招商公路,45.85亿,32.81亿,13.01,50.53亿,29.39亿,10.76,53.41亿,33.68亿,8.64
245,603933,睿能科技,12.66亿,4844万,17.74,15.59亿,9342万,27.24,19.09亿,1.41亿,20.91
246,300671,富满电子,2.73亿,2771万,12.85,3.30亿,3846万,15.42,4.40亿,5883万,15.3
247,300670,大烨智能,2.75亿,5015万,32.99,3.14亿,5439万,24.69,3.40亿,5492万,13.38
248,002885,京泉华,7.57亿,4648万,17.08,8.99亿,6002万,18.77,11.40亿,5824万,11.52
249,603801,志邦股份,11.88亿,1.32亿,28.25,15.70亿,1.78亿,30.49,21.57亿,2.34亿,20.01
250,603617,君禾股份,4.35亿,3379万,19.96,4.93亿,5517万,26.27,5.78亿,5628万,16.85
251,002886,沃特股份,5.85亿,6323万,26.06,6.31亿,5516万,16.77,7.65亿,4036万,8.21
252,300669,沪宁股份,2.50亿,2398万,19.11,2.54亿,4357万,21.83,2.59亿,3863万,11.79
253,603679,华体科技,3.71亿,4256万,20.73,4.08亿,4807万,19.79,4.80亿,5288万,13.6
254,603938,三孚股份,8.00亿,8365万,17.84,7.92亿,8107万,15.15,10.74亿,1.43亿,19.05
255,603043,广州酒家,17.37亿,2.35亿,30.46,19.36亿,2.67亿,30.66,21.89亿,3.40亿,26.35
256,002883,中设股份,1.50亿,2413万,23.64,1.92亿,4051万,30.14,2.32亿,4909万,18.38
257,603929,亚翔集成,11.07亿,7948万,15.61,21.41亿,1.65亿,27.1,17.81亿,1.28亿,13.69
258,300667,必创科技,9409万,2425万,20.69,1.31亿,3226万,22.17,1.73亿,4287万,16.46
259,002882,金龙羽,16.78亿,9556万,14.74,17.92亿,1.18亿,16.27,23.66亿,1.90亿,17.76
260,300668,杰恩设计,1.48亿,3309万,47.27,1.83亿,4083万,37.18,2.50亿,6225万,24.19
261,300666,江丰电子,2.91亿,2384万,10.71,4.43亿,5494万,20.96,5.50亿,6403万,14.98
262,603226,菲林格尔,7.10亿,6723万,27.05,6.95亿,7018万,22.02,7.96亿,8007万,15.21
263,603380,易德龙,6.02亿,6527万,45.67,6.88亿,8100万,42.53,8.63亿,9559万,21.12
264,002880,卫光生物,5.01亿,1.25亿,35.92,5.66亿,1.53亿,34.3,6.23亿,1.55亿,18.54
265,002881,美格智能,3.89亿,3185万,19.75,4.80亿,4671万,22.81,6.42亿,5629万,15.61
266,300665,飞鹿股份,2.10亿,3227万,17.79,2.56亿,3665万,15.84,2.84亿,3065万,9.0
267,603980,吉华集团,29.16亿,6.68亿,40.97,21.60亿,3.82亿,19.11,24.56亿,3.97亿,13.22
268,603496,恒为科技,2.10亿,5133万,26.27,2.48亿,6202万,25.37,3.12亿,7524万,16.3
269,603879,永悦科技,5.49亿,4170万,19.25,5.36亿,4731万,19.49,5.59亿,4392万,11.26
270,603536,惠发股份,8.37亿,4258万,11.87,8.90亿,4212万,10.81,9.39亿,6038万,11.52
271,002879,长缆科技,5.26亿,1.09亿,19.46,5.47亿,1.15亿,17.42,6.17亿,1.21亿,11.92
272,300661,圣邦股份,3.94亿,7036万,35.37,4.52亿,8069万,34.5,5.32亿,9387万,17.25
273,002878,元隆雅图,5.54亿,4166万,22.42,7.07亿,5025万,23.28,8.19亿,7145万,18.22
274,300662,科锐国际,7.32亿,6583万,30.01,8.68亿,6155万,21.83,11.35亿,7434万,16.2
275,603200,上海洗霸,2.44亿,4233万,14.54,2.96亿,5927万,17.34,3.01亿,5751万,10.18
276,601878,浙商证券,61.89亿,18.34亿,24.46,45.95亿,12.41亿,13.82,46.11亿,10.64亿,9.22
277,603286,日盈电子,2.37亿,2974万,13.11,2.76亿,3107万,13.38,3.18亿,3374万,10.06
278,002877,智能自控,2.55亿,4269万,16.12,2.74亿,4574万,15.27,3.07亿,4765万,10.14
279,002876,三利谱,6.67亿,8071万,23.75,8.00亿,7282万,17.59,8.18亿,8220万,11.87
280,603580,艾艾精工,1.47亿,2982万,17.66,1.49亿,3107万,15.57,1.55亿,2866万,9.36
281,300660,江苏雷利,14.56亿,1.32亿,27.99,16.17亿,2.31亿,38.6,20.23亿,2.18亿,15.42
282,603042,华脉科技,8.76亿,4749万,13.49,9.98亿,8395万,20.1,11.55亿,7355万,10.56
283,002875,安奈儿,8.40亿,7091万,27.54,9.20亿,7912万,24.35,10.31亿,6887万,11.38
284,603326,我乐家居,5.79亿,5645万,26.8,6.76亿,6874万,25.32,9.15亿,8377万,16.03
285,300658,延江股份,4.65亿,6397万,41.27,5.99亿,8942万,42.7,7.38亿,9013万,17.08
286,603383,顶点软件,1.95亿,8388万,27.97,2.05亿,7048万,16.14,2.44亿,1.02亿,13.86
287,603316,诚邦股份,3.98亿,3147万,9.03,6.31亿,6068万,15.38,7.43亿,6849万,11.18
288,300659,中孚信息,2.08亿,4903万,40.92,2.16亿,4835万,35.19,2.81亿,4862万,16.56
289,603196,日播时尚,8.98亿,7512万,17.47,9.49亿,7562万,16.49,10.73亿,8364万,11.32
290,300656,民德电子,1.26亿,4553万,59.56,1.22亿,4631万,32.32,1.23亿,4046万,13.03
291,002873,新天药业,5.22亿,4201万,20.21,6.33亿,5707万,22.74,6.82亿,6612万,13.98
292,603855,华荣股份,13.17亿,1.30亿,18.09,12.00亿,1.13亿,14.92,14.79亿,1.26亿,11.06
293,300655,晶瑞股份,3.19亿,2841万,11.48,4.40亿,3390万,12.23,5.35亿,3618万,9.63
294,002872,天圣制药,18.43亿,1.92亿,12.93,20.87亿,2.24亿,13.26,22.61亿,2.49亿,9.98
295,300657,弘信电子,9.37亿,3489万,8.26,10.48亿,4537万,10.04,14.78亿,7228万,12.85
296,603197,保隆科技,13.88亿,6801万,14.71,16.79亿,1.32亿,24.25,20.81亿,1.74亿,17.18
297,002439,启明星辰,15.34亿,2.44亿,15.34,19.27亿,2.65亿,12.69,22.79亿,4.52亿,15.58
298,601888,中国国旅,213亿,15.06亿,14.15,224亿,18.08亿,15.26,283亿,25.31亿,19.12
299,002143,印纪传媒,18.82亿,5.74亿,43.25,25.06亿,7.31亿,37.72,21.88亿,7.69亿,29.51
300,000681,视觉中国,5.43亿,1.58亿,19.26,7.35亿,2.15亿,9.81,8.15亿,2.91亿,11.95
301,600690,青岛海尔,898亿,43.04亿,16.22,1191亿,50.42亿,20.38,1593亿,69.26亿,23.59
302,600781,辅仁药业,4.62亿,2777万,16.45,50.13亿,3.49亿,16.35,58.00亿,3.92亿,15.54
303,600004,白云机场,56.33亿,12.53亿,13.97,61.67亿,13.94亿,13.53,67.62亿,15.96亿,12.24
304,600988,赤峰黄金,15.91亿,2.31亿,15.63,21.12亿,3.21亿,13.94,25.87亿,2.74亿,10.51
305,600297,广汇汽车,937亿,19.88亿,11.41,1354亿,28.03亿,11.89,1607亿,38.84亿,15.05
306,600236,桂冠电力,103亿,25.69亿,29.99,85.65亿,25.95亿,20.18,87.75亿,25.11亿,17.98
307,600053,九鼎投资,11.24亿,2.87亿,28.57,16.44亿,6.43亿,43.15,7.56亿,3.24亿,17.2
308,000065,北方国际,81.05亿,3.00亿,14.67,87.62亿,4.61亿,16.79,97.30亿,4.99亿,14.6
309,600900,长江电力,474亿,182亿,15.56,489亿,208亿,16.88,501亿,223亿,16.91
310,601166,兴业银行,1543亿,502亿,18.89,1571亿,539亿,17.28,1400亿,572亿,15.35
311,603919,金徽酒,11.82亿,1.66亿,24.09,12.77亿,2.22亿,16.28,13.33亿,2.53亿,14.58
312,603778,乾景园林,6.08亿,9333万,18.99,5.31亿,8018万,8.84,5.49亿,8966万,9.0
313,603567,珍宝岛,20.73亿,5.85亿,18.01,23.92亿,5.10亿,12.27,31.41亿,5.21亿,11.61
314,600388,龙净环保,73.91亿,5.60亿,16.75,80.24亿,6.64亿,17.4,81.13亿,7.24亿,16.92
315,600015,华夏银行,588亿,189亿,17.18,640亿,197亿,15.75,664亿,198亿,13.54
316,601799,星宇股份,24.68亿,2.93亿,14.39,33.47亿,3.50亿,13.14,42.55亿,4.70亿,12.09
317,002303,美盈森,20.16亿,2.20亿,9.5,22.19亿,2.23亿,8.26,28.57亿,3.48亿,8.45
318,002247,帝龙文化,8.95亿,8580万,8.4,16.50亿,3.79亿,12.48,30.63亿,5.49亿,11.39
319,002221,东华能源,172亿,4.11亿,13.44,200亿,4.70亿,11.16,327亿,10.63亿,14.93
320,002304,洋河股份,161亿,53.65亿,25.37,172亿,58.27亿,24.01,199亿,66.27亿,24.08
321,002183,怡亚通,399亿,4.92亿,11.44,583亿,5.19亿,9.99,685亿,5.95亿,10.38
322,002094,青岛金王,14.77亿,9057万,13.34,23.71亿,1.85亿,14.41,46.77亿,4.03亿,19.0
323,002071,长城影视,9.93亿,2.32亿,22.28,13.56亿,2.56亿,54.28,12.45亿,1.70亿,18.7
324,002203,海亮股份,136亿,4.57亿,12.52,180亿,5.51亿,13.61,299亿,7.05亿,13.57
325,000596,古井贡酒,52.53亿,7.16亿,15.91,60.17亿,8.30亿,15.88,69.68亿,11.49亿,19.09
326,000537,广宇发展,14.44亿,1.42亿,12.63,91.83亿,5.78亿,9.28,216亿,21.72亿,27.56
327,000876,新希望,615亿,22.11亿,11.98,609亿,24.69亿,12.19,626亿,22.80亿,10.81
328,002027,分众传媒,86.27亿,33.89亿,73.2,102亿,44.51亿,70.73,120亿,60.05亿,67.65
329,600981,汇鸿集团,391亿,7.63亿,11.44,359亿,6.70亿,8.44,368亿,7.37亿,8.72
330,600708,光明地产,124亿,5.10亿,8.8,208亿,10.11亿,12.06,208亿,19.47亿,20.11
331,600093,易见股份,52.71亿,3.35亿,11.05,162亿,6.03亿,10.22,160亿,8.16亿,12.66
332,600797,浙大网新,54.35亿,2.21亿,10.13,40.80亿,2.45亿,10.98,32.53亿,3.03亿,10.38
333,600629,华建集团,42.68亿,1.47亿,22.44,45.51亿,2.41亿,27.71,52.90亿,2.56亿,12.48
334,600285,羚锐制药,10.85亿,1.32亿,8.07,14.39亿,3.46亿,16.74,18.49亿,2.17亿,10.18
335,600233,圆通速递,121亿,7.17亿,25.1,168亿,13.72亿,27.81,200亿,14.43亿,16.56
336,002038,双鹭药业,11.57亿,5.75亿,17.04,10.10亿,4.52亿,12.06,12.42亿,5.34亿,13.03
337,600979,广安爱众,17.01亿,1.55亿,10.51,18.87亿,2.14亿,9.27,20.67亿,2.78亿,8.22
338,600612,老凤祥,357亿,11.17亿,26.09,350亿,10.57亿,21.83,398亿,11.36亿,21.13
339,000587,金洲慈航,99.23亿,2.98亿,12.16,106亿,10.37亿,12.83,117亿,10.22亿,11.41
340,000848,承德露露,27.06亿,4.63亿,31.16,25.21亿,4.50亿,24.83,21.12亿,4.14亿,21.52
341,000915,山大华特,12.33亿,1.52亿,14.75,15.45亿,1.98亿,16.62,17.67亿,2.43亿,17.5
342,600213,亚星客车,20.15亿,2020万,36.41,33.96亿,6231万,63.82,23.87亿,4282万,28.17
343,000030,富奥股份,43.32亿,5.03亿,11.19,58.57亿,6.77亿,13.73,71.93亿,8.32亿,15.22
344,000018,神州长城,40.10亿,3.47亿,34.52,46.65亿,4.74亿,31.18,64.97亿,3.80亿,19.35
345,600809,山西汾酒,41.29亿,5.21亿,12.52,44.05亿,6.05亿,13.24,60.37亿,9.44亿,19.04
346,603058,永吉股份,3.29亿,9125万,17.87,3.28亿,9374万,16.71,3.35亿,9382万,11.46
347,600996,贵广网络,21.03亿,4.15亿,28.11,22.89亿,4.43亿,23.82,25.73亿,4.42亿,10.96
348,300653,正海生物,1.28亿,4249万,33.8,1.51亿,4547万,22.49,1.83亿,6167万,16.63
349,002839,张家港行,24.06亿,6.73亿,9.92,24.39亿,6.89亿,9.68,24.14亿,7.63亿,9.43
350,603323,吴江银行,23.68亿,6.04亿,9.74,23.06亿,6.50亿,9.48,27.26亿,7.31亿,9.06
351,603808,歌力思,8.35亿,1.60亿,13.07,11.32亿,1.98亿,12.29,20.53亿,3.02亿,15.82
352,600977,中国电影,72.97亿,8.68亿,20.1,78.41亿,9.17亿,13.87,89.88亿,9.65亿,9.55
353,603319,湘油泵,4.65亿,3892万,11.29,5.57亿,5632万,14.01,8.14亿,1.11亿,17.1
354,603589,口子窖,25.84亿,6.05亿,20.55,28.30亿,7.83亿,19.81,36.03亿,11.14亿,24.0
355,002762,金发拉比,3.64亿,6876万,11.23,3.85亿,7276万,8.44,4.30亿,9157万,9.92
356,002737,葵花药业,30.35亿,3.07亿,13.12,33.64亿,3.03亿,11.86,38.55亿,4.24亿,15.03
357,002802,洪汇新材,2.93亿,4537万,17.54,3.15亿,5262万,12.57,3.89亿,7212万,12.49
358,002701,奥瑞金,66.62亿,10.17亿,25.51,75.99亿,11.54亿,24.55,73.42亿,7.04亿,13.04
359,601368,绿城水务,11.30亿,2.37亿,11.59,11.95亿,2.90亿,10.81,12.44亿,3.49亿,11.95
360,002712,思美传媒,24.94亿,8833万,10.08,38.22亿,1.42亿,11.03,41.87亿,2.31亿,10.34
361,002142,宁波银行,195亿,65.44亿,17.68,236亿,78.10亿,17.74,253亿,93.34亿,19.02
362,000998,隆平高科,20.26亿,4.91亿,23.01,22.99亿,5.01亿,9.49,31.90亿,7.72亿,13.1
363,002581,未名医药,8.58亿,2.50亿,20.71,12.65亿,4.18亿,18.21,11.62亿,3.88亿,14.27
364,002516,旷达科技,18.60亿,2.51亿,12.55,23.02亿,3.01亿,12.07,23.17亿,3.85亿,10.1
365,002532,新界泵业,11.46亿,1.18亿,10.28,13.18亿,1.17亿,9.36,15.07亿,1.30亿,9.56
366,002447,晨鑫科技,5.79亿,2.49亿,11.14,7.82亿,2.96亿,11.78,3.92亿,2.71亿,9.78
367,002343,慈文传媒,8.56亿,1.99亿,21.55,18.26亿,2.90亿,23.26,16.66亿,4.08亿,25.31
368,002462,嘉事堂,82.00亿,1.73亿,12.73,110亿,2.23亿,11.94,142亿,2.64亿,12.59
369,002444,巨星科技,31.76亿,4.80亿,12.0,36.03亿,6.22亿,11.92,42.81亿,5.50亿,9.49
370,002373,千方科技,15.42亿,2.93亿,23.99,23.45亿,3.36亿,10.83,25.04亿,3.65亿,10.74
371,300187,永清环保,7.73亿,1.13亿,10.39,15.36亿,1.42亿,10.17,12.29亿,1.44亿,9.28
372,002440,闰土股份,45.22亿,7.34亿,12.6,43.53亿,6.60亿,10.76,60.57亿,9.35亿,14.07
373,002311,海大集团,256亿,7.80亿,16.72,272亿,8.56亿,16.17,326亿,12.07亿,20.01
374,002166,莱茵生物,5.14亿,7530万,12.56,5.71亿,6966万,8.54,8.01亿,2.06亿,21.71
375,002127,南极电商,3.89亿,1.72亿,43.88,5.21亿,3.01亿,21.76,9.86亿,5.34亿,27.26
376,002081,金螳螂,187亿,16.02亿,20.29,196亿,16.83亿,18.11,210亿,19.18亿,17.88
377,002098,浔兴股份,10.41亿,7197万,10.1,11.75亿,1.18亿,10.94,18.60亿,1.19亿,10.15
378,601669,中国电建,2109亿,52.36亿,10.8,2390亿,67.72亿,12.3,2668亿,73.67亿,10.66
379,601199,江南水务,8.56亿,2.70亿,12.9,11.07亿,3.26亿,13.65,11.01亿,2.45亿,9.33
380,002275,桂林三金,13.91亿,3.77亿,16.05,15.25亿,3.94亿,16.33,16.16亿,4.64亿,18.43
381,000651,格力电器,1006亿,125亿,27.24,1101亿,155亿,30.44,1500亿,224亿,37.44
382,002047,宝鹰股份,68.54亿,3.35亿,14.9,68.16亿,3.40亿,12.99,71.64亿,3.67亿,12.32
383,000820,神雾节能,6.55亿,1.71亿,63.74,8.65亿,3.33亿,62.66,13.17亿,3.48亿,38.42
384,600897,厦门空港,14.24亿,3.70亿,12.73,15.11亿,3.99亿,12.62,16.60亿,4.11亿,12.16
385,600180,瑞茂通,94.05亿,4.11亿,13.12,212亿,5.31亿,12.09,375亿,7.15亿,14.35
386,603776,永安行,6.20亿,9336万,24.21,7.74亿,1.16亿,23.86,10.55亿,5.16亿,52.0
387,002871,伟隆股份,2.69亿,3986万,15.18,2.73亿,5244万,17.83,2.86亿,6072万,13.88
388,603180,金牌厨柜,7.84亿,4734万,26.33,10.99亿,9623万,39.53,14.42亿,1.67亿,27.78
389,300581,晨曦航空,2.00亿,5037万,26.4,2.04亿,5244万,26.35,1.78亿,4852万,9.02
390,300587,天铁股份,2.89亿,6667万,18.2,2.90亿,7053万,15.83,3.18亿,7116万,8.75
391,300633,开立医疗,6.86亿,1.06亿,21.24,7.19亿,1.30亿,20.52,9.89亿,1.90亿,20.26
392,603035,常熟汽饰,10.21亿,2.23亿,18.5,14.37亿,2.26亿,16.99,13.39亿,2.28亿,10.52
393,601858,中国科传,16.03亿,2.52亿,14.03,17.98亿,2.80亿,13.83,20.11亿,3.71亿,12.37
394,603603,博天环境,19.91亿,1.24亿,18.02,25.19亿,1.44亿,17.42,30.46亿,2.02亿,17.09
395,601611,中国核建,410亿,7.98亿,15.79,415亿,7.99亿,10.72,455亿,8.53亿,9.51
396,603159,上海亚虹,4.48亿,3823万,20.02,4.71亿,4146万,15.14,5.74亿,4490万,11.64
397,601985,中国核电,262亿,37.81亿,12.7,300亿,44.89亿,11.5,336亿,44.98亿,10.69
398,603798,康普顿,7.11亿,8347万,28.17,8.21亿,1.13亿,17.76,8.96亿,1.20亿,14.85
399,603726,朗迪集团,7.24亿,6139万,14.85,7.76亿,6716万,10.61,13.08亿,1.13亿,14.52
400,002705,新宝股份,63.08亿,2.84亿,12.51,69.85亿,4.31亿,17.2,82.22亿,4.08亿,11.92
401,300387,富邦股份,3.92亿,6642万,11.17,4.97亿,8531万,12.6,5.30亿,6856万,9.16
402,300347,泰格医药,9.57亿,1.56亿,17.23,11.75亿,1.41亿,9.34,16.87亿,3.01亿,13.89
403,002653,海思科,12.12亿,3.72亿,17.25,14.36亿,4.43亿,20.84,18.56亿,2.38亿,11.2
404,601928,凤凰传媒,100亿,11.24亿,10.69,105亿,11.70亿,10.47,111亿,11.66亿,9.69
405,300199,翰宇药业,7.68亿,3.05亿,12.73,8.55亿,2.92亿,9.85,12.46亿,3.30亿,8.96
406,002573,清新环境,22.68亿,5.07亿,19.52,33.94亿,7.44亿,23.26,40.94亿,6.52亿,16.74
407,300203,聚光科技,18.33亿,2.47亿,11.18,23.49亿,4.02亿,15.87,27.99亿,4.49亿,15.25
408,300136,信维通信,13.00亿,2.21亿,22.65,24.13亿,5.32亿,32.03,34.35亿,8.89亿,37.66
409,002293,罗莱生活,29.16亿,4.10亿,16.63,31.52亿,3.17亿,12.05,46.62亿,4.28亿,14.79
410,002270,华明装备,6.03亿,2.03亿,32.94,10.37亿,2.37亿,13.39,18.09亿,3.06亿,15.14
411,002121,科陆电子,22.61亿,1.96亿,9.82,31.62亿,2.72亿,11.01,43.76亿,4.59亿,10.96
412,002287,奇正藏药,9.95亿,2.65亿,17.01,9.68亿,2.90亿,17.47,10.53亿,3.01亿,16.78
413,002091,江苏国泰,277亿,4.22亿,17.74,297亿,5.41亿,19.17,345亿,7.74亿,11.88
414,000650,仁和药业,25.24亿,3.91亿,17.7,35.67亿,3.72亿,14.56,38.44亿,3.80亿,13.2
415,000627,天茂集团,10.85亿,2.47亿,15.73,170亿,17.79亿,15.02,534亿,13.26亿,9.13
416,000617,中油资本,308亿,60.17亿,11.39,288亿,55.35亿,10.72,293亿,68.43亿,9.97
417,000540,中天金融,154亿,26.07亿,32.18,196亿,29.39亿,21.9,173亿,20.82亿,13.5
418,600694,大商股份,308亿,6.62亿,10.66,281亿,7.03亿,10.53,267亿,8.77亿,12.05
419,600674,川投能源,11.17亿,38.73亿,22.66,10.01亿,35.16亿,18.16,8.00亿,32.65亿,15.34
420,600522,中天科技,165亿,9.88亿,11.13,211亿,15.88亿,14.31,271亿,17.88亿,10.78
421,002035,华帝股份,37.20亿,2.08亿,13.9,43.95亿,3.28亿,20.22,57.31亿,5.10亿,26.1
422,600466,蓝光发展,176亿,8.05亿,10.51,213亿,8.96亿,9.86,246亿,13.66亿,12.81
423,600390,五矿资本,157亿,16.96亿,11.64,116亿,15.57亿,10.52,134亿,24.77亿,8.54
424,600217,中再资环,16.07亿,1.75亿,21.52,14.61亿,1.40亿,14.57,23.38亿,2.18亿,15.06
425,300599,雄塑科技,11.57亿,9868万,17.34,12.65亿,1.00亿,15.7,15.37亿,1.34亿,11.56
426,300585,奥联电子,2.67亿,3954万,21.91,3.26亿,5110万,23.41,3.95亿,5885万,13.55
427,300576,容大感光,2.77亿,3330万,15.72,3.14亿,3416万,14.8,3.63亿,3685万,9.38
428,603032,德新交运,3.28亿,4302万,20.07,2.56亿,5076万,21.53,1.97亿,2710万,13.29
429,300571,平治信息,1.68亿,2578万,20.84,4.69亿,4843万,33.43,9.10亿,9703万,33.11
430,603881,数据港,3.38亿,7214万,23.95,4.06亿,7823万,20.78,5.20亿,1.15亿,14.18
431,603228,景旺电子,26.77亿,4.22亿,36.46,32.83亿,5.37亿,34.39,41.92亿,6.60亿,21.5
432,603086,先达股份,8.04亿,9874万,16.75,8.66亿,9823万,14.48,11.19亿,1.10亿,11.82
433,002845,同兴达,20.19亿,7034万,21.2,28.01亿,9765万,23.49,36.64亿,1.49亿,17.52
434,002842,翔鹭钨业,7.29亿,5215万,13.45,7.15亿,5711万,13.12,9.76亿,6888万,9.53
435,603708,家家悦,105亿,2.47亿,25.39,108亿,2.51亿,23.16,113亿,3.11亿,13.07
436,300439,美康生物,6.83亿,1.61亿,16.63,10.55亿,1.77亿,13.04,18.05亿,2.14亿,13.84
437,300488,恒锋工具,1.84亿,6802万,14.62,2.09亿,7464万,11.75,3.24亿,9605万,11.81
438,300509,新美星,4.48亿,4951万,17.22,4.54亿,5959万,12.26,5.00亿,5929万,10.04
439,300549,优德精密,3.09亿,4401万,24.5,3.64亿,5200万,21.04,4.61亿,7571万,16.18
440,300468,四方精创,3.00亿,5064万,8.7,3.67亿,7563万,9.37,5.08亿,8816万,9.82
441,603266,天龙股份,7.03亿,6724万,21.18,8.06亿,8106万,20.7,8.57亿,7848万,10.45
442,300485,赛升药业,6.07亿,2.09亿,16.75,6.16亿,2.58亿,13.04,7.50亿,2.82亿,12.79
443,300506,名家汇,2.48亿,4971万,19.89,4.16亿,1.01亿,20.53,6.82亿,1.74亿,26.06
444,002832,比音勒芬,7.54亿,1.23亿,26.46,8.42亿,1.33亿,22.35,10.54亿,1.80亿,13.24
445,300526,中潜股份,3.71亿,4225万,17.14,3.71亿,3567万,9.77,3.85亿,4344万,8.55
446,300432,富临精工,8.59亿,1.74亿,23.33,11.72亿,2.29亿,23.73,23.28亿,3.71亿,10.36
447,300429,强力新材,3.34亿,8651万,17.29,4.40亿,1.16亿,15.27,6.40亿,1.27亿,12.52
448,300445,康斯特,1.63亿,4267万,14.27,1.76亿,4408万,11.32,2.03亿,5301万,12.11
449,300417,南华仪器,1.69亿,3228万,9.72,1.75亿,3512万,9.16,1.86亿,3724万,8.9
450,300438,鹏辉能源,8.79亿,8729万,12.61,12.71亿,1.39亿,15.64,20.98亿,2.51亿,14.73
451,300527,中国应急,17.21亿,1.36亿,15.55,19.60亿,1.55亿,14.86,22.04亿,1.93亿,10.25
452,603168,莎普爱思,9.22亿,1.76亿,21.38,9.79亿,2.76亿,27.63,9.39亿,1.46亿,9.04
453,300355,蒙草生态,17.68亿,1.59亿,10.29,28.61亿,3.39亿,14.16,55.79亿,8.44亿,26.29
454,300357,我武生物,2.67亿,1.18亿,21.98,3.12亿,1.29亿,21.02,3.86亿,1.86亿,25.55
455,002711,欧浦智网,17.68亿,1.62亿,11.5,30.88亿,2.22亿,15.48,69.22亿,2.10亿,13.17
456,300477,合纵科技,11.17亿,8750万,15.32,12.62亿,8779万,11.13,21.09亿,1.31亿,10.9
457,300382,斯莱克,3.48亿,9784万,15.56,3.88亿,1.08亿,14.47,5.49亿,1.36亿,12.98
458,002714,牧原股份,30.03亿,5.96亿,26.53,56.06亿,23.22亿,50.74,100亿,23.66亿,28.12
459,002707,众信旅游,83.70亿,1.87亿,14.87,101亿,2.15亿,13.1,120亿,2.33亿,12.06
460,300311,任子行,3.60亿,6537万,9.5,6.63亿,1.10亿,9.32,10.77亿,1.49亿,11.94
461,300297,蓝盾股份,10.01亿,1.19亿,11.89,15.74亿,3.23亿,12.41,22.16亿,4.14亿,10.82
462,601169,北京银行,441亿,168亿,16.26,475亿,178亿,14.92,504亿,187亿,13.77
463,300242,佳云科技,9.01亿,5534万,11.14,28.24亿,1.82亿,8.91,27.06亿,1.93亿,8.69
464,300230,永利股份,9.28亿,9392万,11.38,18.27亿,1.54亿,9.32,30.86亿,2.92亿,11.18
465,300326,凯利泰,4.63亿,1.21亿,10.91,5.51亿,1.59亿,10.35,8.02亿,1.95亿,10.09
466,300219,鸿利智汇,15.92亿,1.52亿,15.52,22.58亿,1.38亿,10.4,36.99亿,3.53亿,15.35
467,300178,腾邦国际,9.28亿,1.46亿,11.16,12.80亿,1.78亿,12.12,35.30亿,2.84亿,13.77
468,300183,东软载波,8.25亿,2.76亿,13.47,9.84亿,3.56亿,14.62,9.13亿,2.38亿,9.21
469,300166,东方国信,9.31亿,2.29亿,13.28,12.78亿,3.28亿,10.27,15.06亿,4.31亿,10.28
470,300170,汉得信息,12.19亿,2.14亿,13.58,17.10亿,2.41亿,12.72,23.25亿,3.24亿,14.45
471,300208,恒顺众昇,11.63亿,3.39亿,34.69,11.99亿,2.53亿,19.28,15.22亿,3.34亿,19.09
472,300168,万达信息,18.69亿,2.31亿,12.7,20.75亿,2.38亿,11.3,24.15亿,3.27亿,13.39
473,002609,捷顺科技,6.51亿,1.44亿,16.27,7.84亿,1.82亿,16.32,9.50亿,2.09亿,9.68
474,300118,东方日升,52.59亿,3.22亿,11.3,70.17亿,6.89亿,20.29,115亿,6.50亿,16.04
475,300232,洲明科技,13.06亿,1.14亿,16.07,17.46亿,1.66亿,14.03,30.31亿,2.84亿,17.21
476,002317,众生药业,15.78亿,2.97亿,15.13,16.92亿,4.14亿,16.2,19.64亿,4.20亿,11.87
477,002124,天邦股份,21.41亿,1.10亿,17.19,23.70亿,3.73亿,30.04,30.61亿,2.62亿,10.15
478,002147,新光圆成,18.58亿,4.97亿,23.45,37.36亿,15.30亿,30.05,20.08亿,13.58亿,17.25
479,002104,恒宝股份,18.21亿,3.71亿,26.82,13.53亿,1.46亿,9.17,13.68亿,1.63亿,9.48
480,002078,太阳纸业,108亿,6.67亿,10.34,145亿,10.57亿,14.12,189亿,20.24亿,22.65
481,002217,合力泰,49.53亿,2.18亿,8.7,118亿,8.74亿,14.64,151亿,11.79亿,12.21
482,600998,九州通,496亿,6.95亿,8.42,616亿,8.77亿,8.29,739亿,14.46亿,10.75
483,002101,广东鸿图,22.59亿,1.29亿,9.15,26.78亿,1.66亿,8.8,50.03亿,2.91亿,8.15
484,600850,华东电脑,60.61亿,3.06亿,22.39,60.57亿,2.75亿,15.78,65.98亿,2.89亿,14.6
485,000732,泰禾集团,148亿,13.25亿,20.63,207亿,17.07亿,12.36,243亿,21.24亿,11.19
486,600704,物产中大,1826亿,13.85亿,9.54,2072亿,21.54亿,12.32,2766亿,22.35亿,12.06
487,600094,大名城,51.68亿,4.57亿,8.45,87.65亿,8.40亿,12.7,102亿,14.12亿,12.45
488,600521,华海药业,35.00亿,4.42亿,13.06,40.93亿,5.01亿,12.71,50.02亿,6.39亿,13.81
489,000968,蓝焰控股,15.33亿,2.64亿,11.04,12.51亿,3.84亿,15.32,19.04亿,4.89亿,18.89
490,002002,鸿达兴业,40.87亿,5.59亿,15.41,61.58亿,8.18亿,23.62,65.41亿,10.05亿,21.93
491,000078,海王生物,111亿,4.75亿,28.16,136亿,4.18亿,11.87,249亿,6.36亿,11.55
492,000046,泛海控股,138亿,22.54亿,19.0,247亿,31.09亿,18.17,169亿,28.91亿,15.14
493,600475,华光股份,33.99亿,1.11亿,17.62,46.93亿,6.43亿,14.2,58.49亿,3.99亿,9.04
494,600606,绿地控股,2075亿,68.86亿,14.12,2474亿,72.07亿,13.01,2904亿,90.38亿,15.21
495,600201,生物股份,12.47亿,4.80亿,26.07,15.17亿,6.45亿,24.92,19.01亿,8.70亿,21.35
496,000796,凯撒旅游,49.35亿,2.06亿,28.5,66.36亿,2.13亿,12.13,80.45亿,2.21亿,11.43
497,603609,禾丰牧业,96.96亿,3.14亿,12.51,119亿,4.27亿,15.1,137亿,4.71亿,14.72
498,002838,道恩股份,6.26亿,5989万,16.56,8.00亿,7932万,18.39,9.34亿,9380万,11.73
499,300607,拓斯达,3.02亿,6234万,22.93,4.33亿,7757万,24.15,7.64亿,1.38亿,21.21
500,300601,康泰生物,4.53亿,6282万,10.21,5.52亿,8621万,12.49,11.61亿,2.15亿,22.9
501,002870,香山股份,8.05亿,7891万,32.06,8.28亿,1.04亿,30.88,9.29亿,7149万,24.47
502,300589,江龙船艇,3.61亿,3246万,27.85,4.16亿,3684万,24.34,4.23亿,3501万,18.71
503,603758,秦安股份,11.75亿,2.47亿,19.55,12.00亿,2.18亿,14.07,12.23亿,1.88亿,8.92
504,300566,激智科技,4.72亿,5732万,25.03,6.11亿,5925万,19.67,7.38亿,6042万,10.13
505,002837,英维克,4.21亿,6780万,37.34,5.18亿,7181万,28.56,7.87亿,8561万,13.5
506,002831,裕同科技,42.90亿,6.58亿,35.27,55.42亿,8.75亿,35.48,69.48亿,9.32亿,20.15
507,300652,雷迪克,3.59亿,6203万,32.57,3.93亿,6791万,27.74,4.95亿,7496万,15.28
508,002824,和胜股份,7.03亿,5143万,14.5,7.67亿,7502万,19.09,8.41亿,6519万,9.44
509,300631,久吾高科,2.34亿,5029万,15.2,2.46亿,4306万,11.54,2.94亿,4504万,8.59
510,300426,唐德影视,5.37亿,1.12亿,13.91,7.88亿,1.79亿,17.35,11.80亿,1.93亿,17.2
511,603886,元祖股份,15.77亿,1.14亿,28.48,15.92亿,1.25亿,26.8,17.77亿,2.04亿,18.19
512,300525,博思软件,1.53亿,3673万,17.54,1.71亿,3830万,12.08,3.10亿,5469万,12.13
513,300508,维宏股份,1.31亿,5169万,30.29,1.44亿,4436万,12.64,1.99亿,8070万,16.99
514,300497,富祥股份,5.80亿,9360万,29.65,7.64亿,1.74亿,25.94,9.58亿,1.78亿,21.13
515,603939,益丰药房,28.46亿,1.76亿,13.93,37.34亿,2.24亿,10.78,48.07亿,3.14亿,10.23
516,601966,玲珑轮胎,87.34亿,6.78亿,15.25,105亿,10.10亿,16.34,139亿,10.48亿,12.57
517,300470,日机密封,3.24亿,8209万,14.32,3.34亿,9776万,11.51,4.96亿,1.20亿,12.79
518,300418,昆仑万维,17.89亿,4.05亿,16.67,24.25亿,5.31亿,18.31,34.36亿,9.99亿,16.39
519,300415,伊之密,11.89亿,7232万,10.06,14.43亿,1.09亿,13.66,20.08亿,2.75亿,28.95
520,300530,达志科技,1.22亿,3799万,16.18,1.35亿,4808万,14.26,1.40亿,5412万,11.24
521,603355,莱克电气,40.03亿,3.64亿,17.32,43.77亿,5.01亿,18.13,57.10亿,3.66亿,11.77
522,601595,上海电影,9.00亿,1.93亿,28.86,10.46亿,2.36亿,19.62,11.22亿,2.57亿,12.87
523,300360,炬华科技,10.87亿,2.36亿,24.58,11.94亿,2.55亿,21.63,9.73亿,1.57亿,11.19
524,300367,东方网力,10.17亿,2.49亿,25.6,14.81亿,3.35亿,15.08,18.55亿,3.85亿,11.32
525,002738,中矿资源,3.45亿,4897万,8.42,3.59亿,5341万,9.25,5.41亿,5479万,8.21
526,300253,卫宁健康,7.53亿,1.53亿,17.86,9.54亿,5.19亿,28.27,12.04亿,2.29亿,9.3
527,300075,数字政通,6.51亿,1.21亿,10.14,9.67亿,1.31亿,9.52,12.03亿,1.70亿,10.27
528,002456,欧菲科技,185亿,4.78亿,8.22,267亿,7.19亿,10.87,338亿,8.23亿,9.71
529,002117,东港股份,12.56亿,2.16亿,16.19,14.91亿,2.19亿,15.11,14.30亿,2.32亿,15.95
530,002008,大族激光,55.87亿,7.47亿,16.99,69.59亿,7.54亿,15.05,116亿,16.65亿,27.6
531,300266,兴源环境,8.84亿,1.02亿,9.35,21.03亿,1.86亿,8.53,30.32亿,3.62亿,11.49
532,002602,世纪华通,30.26亿,4.08亿,10.72,34.56亿,5.03亿,11.96,34.91亿,7.83亿,16.43
533,300237,美晨生态,18.03亿,2.09亿,15.07,29.50亿,4.47亿,18.37,38.89亿,6.09亿,20.85
534,002614,奥佳华,28.31亿,1.81亿,8.03,34.51亿,2.51亿,10.36,42.94亿,3.45亿,12.85
535,601098,中南传媒,101亿,16.95亿,15.64,111亿,18.05亿,14.98,104亿,15.13亿,11.69
536,300061,康旗股份,6.94亿,5121万,12.43,10.01亿,1.09亿,15.24,19.87亿,2.99亿,8.86
537,002394,联发股份,34.77亿,2.94亿,11.0,37.39亿,3.94亿,14.19,40.04亿,3.60亿,12.17
538,002327,富安娜,20.93亿,4.01亿,16.33,23.12亿,4.39亿,15.74,26.16亿,4.93亿,17.05
539,601877,正泰电器,173亿,17.87亿,21.12,202亿,21.85亿,20.62,234亿,28.40亿,15.35
540,002236,大华股份,101亿,13.72亿,23.59,133亿,18.25亿,24.8,188亿,23.79亿,25.47
541,603488,展鹏科技,2.97亿,8110万,23.83,2.82亿,7255万,19.28,2.79亿,7119万,11.45
542,601952,苏垦农发,41.78亿,4.88亿,23.71,40.84亿,5.05亿,21.47,43.16亿,5.57亿,13.87
543,603360,百傲化学,3.28亿,5734万,17.28,3.89亿,9827万,23.98,4.10亿,1.00亿,14.94
544,601229,上海银行,332亿,130亿,15.67,344亿,143亿,14.35,331亿,153亿,12.63
545,603421,鼎信通讯,9.90亿,2.70亿,28.83,13.86亿,3.11亿,22.8,15.15亿,3.02亿,15.1
546,002454,松芝股份,30.01亿,3.10亿,12.86,32.35亿,2.34亿,8.91,41.72亿,3.66亿,12.87
547,000501,鄂武商A,175亿,7.99亿,20.73,177亿,9.92亿,18.52,181亿,12.41亿,18.7
548,600856,中天能源,19.79亿,2.84亿,15.22,36.35亿,4.35亿,20.8,64.93亿,5.26亿,14.93
549,000869,张裕A,46.50亿,10.30亿,14.4,47.18亿,9.82亿,12.55,49.33亿,10.32亿,12.14
550,600697,欧亚集团,129亿,3.24亿,18.71,130亿,3.27亿,16.32,140亿,3.05亿,10.68
551,600090,同济堂,79.45亿,3.42亿,11.12,89.97亿,4.73亿,10.3,98.55亿,5.15亿,9.11
552,600687,刚泰控股,88.45亿,3.48亿,19.61,107亿,4.96亿,9.18,82.18亿,5.45亿,9.32
553,600562,国睿科技,10.92亿,1.87亿,19.5,12.58亿,2.28亿,17.01,11.54亿,1.69亿,9.74
554,600240,华业资本,46.81亿,8.83亿,20.86,52.03亿,12.18亿,23.77,38.62亿,9.98亿,15.98
555,600075,新疆天业,49.03亿,2.27亿,10.57,55.97亿,4.89亿,18.01,49.77亿,5.39亿,13.14
556,000411,英特集团,155亿,6876万,10.72,173亿,8685万,12.12,189亿,8349万,10.42
557,600487,亨通光电,136亿,5.73亿,13.12,193亿,13.16亿,25.16,260亿,21.09亿,26.88
558,000813,德展健康,11.79亿,5.09亿,41.07,14.43亿,6.62亿,35.71,22.20亿,7.97亿,19.2
559,603023,威帝股份,2.03亿,7998万,24.48,2.11亿,9068万,18.38,1.99亿,6864万,12.57
560,300610,晨化股份,5.54亿,4686万,14.85,5.86亿,5551万,15.38,7.03亿,7889万,12.97
561,603203,快克股份,2.30亿,8162万,33.04,2.86亿,1.03亿,37.36,3.62亿,1.32亿,19.62
562,603313,梦百合,13.77亿,1.64亿,28.8,17.23亿,2.00亿,21.6,23.39亿,1.56亿,9.9
563,300500,启迪设计,3.32亿,5111万,15.25,3.92亿,6219万,10.28,5.08亿,7042万,9.85
564,002811,亚泰国际,18.06亿,1.10亿,20.14,16.64亿,8093万,10.51,18.25亿,1.08亿,8.51
565,002741,光华科技,8.63亿,5796万,8.79,9.92亿,6318万,8.31,12.99亿,9262万,9.97
566,603008,喜临门,16.87亿,1.91亿,15.32,22.17亿,2.04亿,12.39,31.87亿,2.84亿,11.09
567,000538,云南白药,207亿,27.71亿,22.43,224亿,29.20亿,20.03,243亿,31.45亿,18.55
568,600872,中炬高新,27.59亿,2.47亿,10.16,31.58亿,3.62亿,13.64,36.09亿,4.53亿,15.21
569,600076,康欣新材,10.31亿,2.69亿,17.88,13.08亿,3.84亿,14.05,18.18亿,4.66亿,14.75
570,300248,新开普,5.10亿,6040万,9.86,6.83亿,8485万,9.75,7.70亿,1.20亿,9.57
571,002271,东方雨虹,53.04亿,7.30亿,19.61,70.00亿,10.29亿,23.17,103亿,12.39亿,21.91
572,000504,南华生物,1337万,-2122万,359.65,6725万,2176万,386.68,6739万,-3712万,279.36
573,601009,南京银行,228亿,70.01亿,17.59,266亿,82.62亿,16.25,248亿,96.68亿,16.94
574,000685,中山公用,14.97亿,14.94亿,17.37,14.63亿,9.63亿,8.72,16.14亿,10.67亿,9.15
575,000883,湖北能源,71.04亿,15.78亿,10.45,93.87亿,19.09亿,8.42,116亿,21.73亿,8.76
576,600327,大东方,83.82亿,1.77亿,10.89,90.70亿,2.04亿,8.22,91.68亿,2.61亿,9.12
577,000989,九芝堂,8.72亿,4.71亿,30.1,26.74亿,6.52亿,16.56,38.37亿,7.21亿,16.69
578,600993,马应龙,17.84亿,2.23亿,13.25,21.03亿,2.50亿,13.47,17.51亿,3.20亿,15.41
579,600381,青海春天,14.02亿,3.58亿,22.43,7.08亿,2.45亿,13.05,4.71亿,3.12亿,13.48
580,300605,恒锋信息,3.11亿,3522万,20.0,3.30亿,3763万,17.7,4.04亿,4315万,10.52
581,300584,海辰药业,2.21亿,4033万,18.53,2.81亿,4524万,17.77,4.55亿,6560万,13.72
582,300602,飞荣达,6.47亿,1.01亿,25.38,8.43亿,1.16亿,23.2,10.36亿,1.08亿,12.13
583,300612,宣亚国际,3.91亿,5355万,47.43,4.67亿,5871万,35.97,5.05亿,7496万,18.07
584,603337,杰克股份,15.92亿,1.70亿,22.49,18.57亿,2.20亿,24.14,27.87亿,3.24亿,16.84
585,603038,华立股份,4.89亿,6978万,16.66,5.62亿,9899万,20.62,6.50亿,9090万,10.32
586,601020,华钰矿业,5.98亿,1.63亿,16.06,6.68亿,1.87亿,15.35,9.05亿,3.04亿,18.26
587,603218,日月股份,18.81亿,4.24亿,36.71,16.00亿,3.39亿,22.17,18.31亿,2.27亿,8.41
588,603298,杭叉集团,45.74亿,3.57亿,19.9,53.71亿,4.03亿,19.95,70.04亿,4.75亿,14.25
589,603585,苏利股份,11.23亿,1.18亿,24.95,13.51亿,1.85亿,27.11,14.57亿,2.25亿,15.71
590,002833,弘亚数控,3.76亿,8915万,30.03,5.34亿,1.55亿,42.52,8.20亿,2.34亿,28.67
591,002840,华统股份,19.44亿,7518万,10.74,39.92亿,9219万,12.03,47.15亿,1.18亿,10.78
592,603987,康德莱,10.61亿,9455万,14.09,11.32亿,1.01亿,14.2,12.56亿,1.19亿,10.05
593,002822,中装建设,25.99亿,1.54亿,15.07,26.92亿,1.56亿,12.67,31.73亿,1.61亿,8.12
594,300529,健帆生物,5.09亿,2.00亿,39.58,5.44亿,2.02亿,24.08,7.18亿,2.84亿,22.21
595,603188,亚邦股份,22.90亿,6.66亿,23.13,22.88亿,6.55亿,19.99,24.36亿,5.01亿,14.03
596,603116,红蜻蜓,29.67亿,3.00亿,13.0,28.72亿,2.79亿,9.09,32.45亿,3.82亿,11.2
597,002745,木林森,38.82亿,2.56亿,10.98,55.20亿,4.73亿,11.64,81.69亿,6.69亿,12.06
598,601566,九牧王,22.57亿,4.04亿,9.37,22.71亿,4.23亿,9.73,25.65亿,4.94亿,10.2
599,002357,富临运业,12.91亿,1.80亿,9.77,11.90亿,9486万,9.56,10.75亿,1.03亿,9.79
600,002475,立讯精密,101亿,10.79亿,21.02,138亿,11.57亿,16.09,228亿,16.91亿,14.09
601,002531,天顺风能,21.76亿,3.03亿,14.2,23.08亿,4.06亿,14.67,32.38亿,4.70亿,9.95
602,002543,万和电气,41.92亿,3.19亿,11.65,49.60亿,4.31亿,14.2,65.32亿,4.13亿,13.02
603,002100,天康生物,41.67亿,2.46亿,10.9,44.44亿,3.93亿,15.82,46.30亿,4.07亿,14.66
604,002146,荣盛发展,234亿,24.11亿,16.31,306亿,41.48亿,18.74,387亿,57.61亿,22.44
605,600743,华远地产,74.49亿,7.30亿,15.77,76.08亿,7.41亿,13.73,99.04亿,8.19亿,11.65
606,002022,科华生物,11.56亿,2.11亿,13.89,13.97亿,2.32亿,13.2,15.94亿,2.18亿,11.33
607,002003,伟星股份,18.74亿,2.48亿,13.76,21.74亿,2.95亿,14.52,26.24亿,3.65亿,15.99
608,600572,康恩贝,53.02亿,4.40亿,12.02,60.20亿,4.41亿,10.43,52.94亿,7.11亿,15.88
609,600229,城市传媒,15.39亿,2.33亿,15.25,17.74亿,2.72亿,13.54,19.69亿,3.29亿,14.83
610,600518,康美药业,181亿,27.57亿,18.54,216亿,33.40亿,14.88,265亿,41.01亿,14.02
611,300591,万里马,5.80亿,3207万,14.03,6.02亿,3700万,14.07,6.04亿,3733万,8.67
612,300588,熙菱信息,4.04亿,2842万,17.85,5.40亿,4260万,16.84,7.98亿,8067万,23.65
613,002869,金溢科技,7.52亿,1.40亿,45.14,6.69亿,1.22亿,31.96,6.23亿,8942万,11.6
614,603501,韦尔股份,19.83亿,1.15亿,19.86,21.61亿,1.42亿,19.53,24.06亿,1.37亿,13.39
615,300578,会畅通讯,2.50亿,3338万,25.19,2.52亿,3148万,21.2,2.67亿,3425万,12.39
616,300606,金太阳,2.06亿,3246万,17.2,2.20亿,4021万,18.07,2.58亿,5496万,12.61
617,603037,凯众股份,2.50亿,6417万,18.15,3.26亿,8867万,22.28,4.50亿,1.14亿,16.05
618,603823,百合花,11.56亿,1.30亿,23.3,13.59亿,1.40亿,20.95,15.11亿,1.33亿,10.92
619,603638,艾迪精密,3.17亿,5186万,12.09,4.00亿,7939万,17.13,6.41亿,1.40亿,18.1
620,002857,三晖电气,2.10亿,3854万,21.42,2.01亿,4008万,18.86,2.04亿,3325万,8.96
621,603928,兴业股份,8.16亿,1.09亿,22.1,8.21亿,1.03亿,18.39,12.83亿,1.35亿,12.48
622,300565,科信技术,7.67亿,6284万,20.3,7.08亿,6182万,15.52,6.71亿,5882万,8.03
623,603336,宏辉果蔬,6.32亿,6255万,16.61,6.76亿,6062万,13.15,6.84亿,6333万,8.36
624,300651,金陵体育,3.24亿,4414万,15.25,3.30亿,4631万,13.84,3.36亿,4388万,8.5
625,300649,杭州园林,1.08亿,1405万,15.46,1.16亿,2524万,15.18,1.84亿,3474万,13.64
626,603985,恒润股份,6.69亿,5845万,17.63,6.29亿,9471万,23.94,7.41亿,9070万,11.93
627,300408,三环集团,24.89亿,8.74亿,22.11,28.88亿,10.59亿,22.41,31.30亿,10.83亿,19.58
628,603345,安井食品,25.61亿,1.28亿,16.82,29.97亿,1.77亿,19.37,34.84亿,2.02亿,13.28
629,603007,花王股份,5.39亿,6781万,18.41,5.11亿,7195万,12.86,10.37亿,1.71亿,18.78
630,300600,瑞特股份,3.02亿,1.07亿,29.51,3.68亿,1.02亿,21.82,4.15亿,1.08亿,12.99
631,603339,四方冷链,7.37亿,1.26亿,19.11,6.76亿,1.24亿,11.83,10.09亿,1.72亿,11.81
632,300410,正业科技,3.57亿,3934万,9.83,6.00亿,7284万,9.18,12.65亿,1.98亿,11.07
633,603718,海利生物,3.17亿,9540万,12.8,3.43亿,8554万,9.0,3.04亿,1.14亿,10.96
634,300433,蓝思科技,172亿,15.43亿,16.6,152亿,12.04亿,9.45,237亿,20.47亿,13.77
635,300522,世名科技,2.25亿,5529万,27.32,2.75亿,6465万,16.72,2.83亿,5342万,9.31
636,300441,鲍斯股份,2.57亿,3126万,8.13,5.66亿,7061万,9.17,11.15亿,1.51亿,11.42
637,601689,拓普集团,30.07亿,4.09亿,15.28,39.38亿,6.16亿,18.67,50.90亿,7.38亿,14.42
638,002757,南兴装备,4.64亿,5014万,8.96,5.03亿,6640万,8.9,7.81亿,1.08亿,13.18
639,300596,利安隆,6.05亿,7368万,19.48,8.08亿,9058万,19.72,11.42亿,1.31亿,16.01
640,300388,国祯环保,10.46亿,7497万,9.45,14.63亿,1.30亿,10.65,26.28亿,1.94亿,12.07
641,000887,中鼎股份,65.43亿,7.14亿,21.69,83.84亿,9.01亿,16.75,118亿,11.27亿,16.1
642,002540,亚太科技,22.89亿,2.41亿,9.31,27.13亿,2.97亿,10.49,34.07亿,3.04亿,9.52
643,000568,泸州老窖,69.00亿,14.73亿,14.67,86.27亿,19.57亿,18.12,104亿,25.58亿,20.3
644,600446,金证股份,26.15亿,2.55亿,23.78,36.66亿,2.35亿,17.13,42.28亿,1.32亿,8.42
645,000826,启迪桑德,63.41亿,9.31亿,16.53,69.17亿,10.81亿,15.79,93.58亿,12.51亿,11.01
646,000028,国药一致,378亿,9.28亿,13.4,412亿,11.87亿,15.05,413亿,10.58亿,11.91
647,300592,华凯创意,4.82亿,3687万,13.47,5.30亿,4003万,12.82,5.62亿,4873万,10.44
648,603966,法兰泰克,5.52亿,5386万,12.0,5.41亿,5694万,11.5,6.37亿,6382万,8.24
649,300650,太龙照明,2.48亿,3570万,24.16,2.73亿,4157万,20.31,3.38亿,5144万,13.57
650,600926,杭州银行,124亿,37.04亿,12.84,137亿,40.21亿,11.83,141亿,45.50亿,11.34
651,002790,瑞尔特,8.15亿,1.55亿,28.44,8.17亿,1.76亿,15.51,9.17亿,1.60亿,11.45
652,300435,中泰股份,4.62亿,9237万,17.33,3.37亿,5687万,8.53,4.86亿,6020万,8.29
653,002718,友邦吊顶,4.11亿,1.21亿,21.11,5.08亿,1.26亿,15.73,6.68亿,1.29亿,12.04
654,300098,高新兴,10.81亿,1.40亿,10.85,13.08亿,3.16亿,8.8,22.37亿,4.08亿,10.31
655,002468,申通快递,77.11亿,7.65亿,44.28,98.81亿,12.62亿,89.26,127亿,14.88亿,24.05
656,300274,阳光电源,45.69亿,4.25亿,16.35,60.04亿,5.54亿,12.6,88.86亿,10.24亿,15.47
657,300284,苏交科,25.63亿,3.11亿,13.29,42.01亿,3.79亿,13.36,65.19亿,4.64亿,13.93
658,002120,韵达股份,50.53亿,5.33亿,38.75,73.50亿,11.77亿,37.8,99.86亿,15.89亿,35.45
659,000607,华媒控股,15.54亿,2.84亿,20.2,18.32亿,2.25亿,13.6,18.32亿,1.47亿,8.04
660,002020,京新药业,14.16亿,1.66亿,11.28,18.75亿,2.00亿,8.68,22.19亿,2.64亿,9.17
661,600133,东湖高新,61.98亿,1.40亿,8.44,61.14亿,1.46亿,8.13,76.33亿,9.24亿,37.92
662,600105,永鼎股份,22.56亿,1.81亿,8.84,25.79亿,2.51亿,10.48,28.69亿,2.92亿,11.1
663,600089,特变电工,375亿,18.88亿,9.33,401亿,21.90亿,9.78,383亿,21.96亿,8.24
664,600305,恒顺醋业,13.05亿,2.40亿,17.49,14.47亿,1.70亿,11.19,15.42亿,2.81亿,16.66
665,600668,尖峰集团,22.59亿,2.01亿,9.47,23.79亿,2.85亿,12.56,28.27亿,3.48亿,13.94
666,000408,藏格控股,27.28亿,9.94亿,42.83,26.03亿,9.12亿,21.56,31.73亿,12.14亿,18.49
667,000058,深赛格,8.47亿,7424万,8.24,14.60亿,2.46亿,11.15,20.30亿,2.20亿,11.96
668,600352,浙江龙盛,149亿,26.82亿,21.09,124亿,20.29亿,13.76,151亿,24.74亿,15.24
669,600273,嘉化能源,33.91亿,6.72亿,21.35,45.03亿,7.40亿,20.0,55.76亿,9.69亿,19.28
670,600380,健康元,86.42亿,4.12亿,9.21,97.22亿,4.51亿,9.31,108亿,21.33亿,33.73
671,000581,威孚高科,57.42亿,15.15亿,13.32,64.23亿,16.72亿,13.53,90.17亿,25.71亿,18.52
672,300590,移为通信,2.91亿,1.02亿,69.68,2.70亿,9527万,57.19,3.62亿,9694万,13.79
673,603728,鸣志电器,11.73亿,9803万,16.52,14.75亿,1.57亿,22.46,16.28亿,1.66亿,12.93
674,603896,寿仙谷,3.02亿,6264万,18.38,3.15亿,8098万,20.27,3.70亿,8888万,13.09
675,603626,科森科技,10.90亿,1.98亿,62.28,13.03亿,1.89亿,36.9,21.65亿,2.22亿,15.18
676,603677,奇精机械,12.60亿,7726万,22.09,11.18亿,8818万,21.16,12.92亿,1.00亿,12.02
677,603877,太平鸟,59.03亿,5.36亿,34.63,63.20亿,4.28亿,23.29,71.42亿,4.56亿,14.78
678,603888,新华网,9.98亿,2.62亿,28.11,13.61亿,2.80亿,19.78,15.02亿,2.84亿,11.1
679,002736,国信证券,291亿,139亿,33.86,127亿,45.56亿,9.35,119亿,45.75亿,9.53
680,603067,振华股份,7.76亿,6249万,9.9,8.75亿,7966万,10.23,11.85亿,1.00亿,9.26
681,603519,立霸股份,7.87亿,6350万,11.09,8.63亿,7254万,10.86,12.23亿,8348万,11.9
682,603738,泰晶科技,3.20亿,5018万,20.52,3.70亿,5903万,17.26,5.40亿,6454万,11.46
683,300519,新光药业,3.11亿,1.19亿,44.38,3.15亿,1.19亿,25.05,3.11亿,1.06亿,15.71
684,002788,鹭燕医药,66.26亿,1.13亿,16.24,69.83亿,1.16亿,14.82,83.38亿,1.31亿,9.02
685,603515,欧普照明,44.69亿,4.36亿,26.36,54.77亿,5.06亿,21.64,69.57亿,6.81亿,20.22
686,300490,华自科技,4.19亿,4522万,13.55,5.15亿,4821万,8.54,6.21亿,5712万,8.77
687,603569,长久物流,33.95亿,3.06亿,35.65,42.96亿,3.62亿,28.49,49.61亿,3.94亿,19.79
688,603667,五洲新春,9.40亿,8510万,13.88,10.73亿,8869万,11.65,11.46亿,9873万,8.42
689,603608,天创时尚,16.31亿,1.04亿,12.91,15.48亿,1.17亿,8.41,17.34亿,1.88亿,12.0
690,603520,司太立,6.96亿,6894万,15.95,6.73亿,7612万,10.8,7.11亿,8312万,10.01
691,603885,吉祥航空,81.58亿,10.47亿,36.11,99.28亿,12.49亿,21.33,124亿,13.26亿,16.3
692,300463,迈克生物,10.65亿,2.51亿,17.18,14.89亿,3.12亿,14.68,19.70亿,3.74亿,15.59
693,603611,诺力股份,11.49亿,1.07亿,13.34,13.10亿,1.45亿,15.84,21.20亿,1.60亿,10.44
694,603997,继峰股份,10.48亿,1.76亿,15.11,14.66亿,2.50亿,17.51,19.02亿,2.93亿,18.11
695,603989,艾华集团,13.09亿,2.26亿,16.52,15.54亿,2.64亿,15.22,17.93亿,2.92亿,16.32
696,002310,东方园林,53.81亿,6.02亿,10.08,85.64亿,12.95亿,18.13,152亿,21.78亿,21.29
697,000625,长安汽车,668亿,99.53亿,33.14,785亿,103亿,26.81,800亿,71.37亿,15.65
698,300255,常山药业,9.16亿,1.56亿,10.86,11.18亿,1.75亿,9.62,14.20亿,1.97亿,8.56
699,300258,精锻科技,6.98亿,1.40亿,11.36,8.99亿,1.91亿,13.9,11.29亿,2.50亿,16.09
700,601567,三星医疗,41.58亿,5.64亿,19.14,49.22亿,7.94亿,15.3,53.68亿,8.91亿,12.35
701,300197,铁汉生态,26.13亿,3.06亿,11.91,45.73亿,5.22亿,11.34,81.88亿,7.57亿,13.57
702,300001,特锐德,30.02亿,1.46亿,9.06,61.09亿,2.52亿,9.72,51.05亿,2.78亿,9.8
703,600185,格力地产,25.45亿,13.71亿,40.12,31.22亿,6.01亿,11.87,31.30亿,6.24亿,8.64
704,000035,中国天楹,8.25亿,2.28亿,13.14,9.80亿,2.12亿,10.82,16.12亿,2.22亿,8.96
705,603229,奥翔药业,2.63亿,6087万,40.72,1.99亿,5733万,26.45,2.40亿,5301万,12.43
706,300580,贝斯特,4.77亿,9409万,16.97,5.47亿,1.17亿,18.06,6.71亿,1.40亿,12.04
707,002191,劲嘉股份,27.20亿,7.21亿,19.02,27.77亿,5.71亿,13.3,29.45亿,5.74亿,11.63
708,002126,银轮股份,27.22亿,2.00亿,11.03,31.19亿,2.57亿,11.9,43.23亿,3.11亿,11.02
709,300295,三六五网,6.41亿,1.26亿,14.82,5.98亿,1.08亿,11.17,4.73亿,9411万,8.84
710,002116,中国海诚,46.93亿,2.28亿,23.13,44.73亿,1.34亿,11.91,41.99亿,2.01亿,16.2
711,600886,国投电力,313亿,54.28亿,21.84,293亿,39.16亿,14.17,316亿,32.32亿,10.91
712,000671,阳光城,224亿,14.18亿,20.42,196亿,12.30亿,9.75,332亿,20.62亿,14.33
713,600846,同济科技,32.67亿,1.60亿,9.21,31.58亿,1.82亿,9.86,36.27亿,2.55亿,12.72
714,600039,四川路桥,324亿,10.58亿,13.09,301亿,10.45亿,11.24,328亿,10.64亿,9.68
715,600519,贵州茅台,334亿,155亿,26.23,402亿,167亿,24.44,611亿,271亿,32.95
716,600477,杭萧钢构,37.86亿,1.21亿,9.85,43.39亿,4.49亿,24.08,46.28亿,7.68亿,30.53
717,600563,法拉电子,13.93亿,3.28亿,17.87,15.21亿,3.90亿,19.51,16.98亿,4.24亿,19.56
718,600820,隧道股份,268亿,14.81亿,9.15,288亿,16.53亿,9.59,315亿,18.10亿,9.78
719,002827,高争民爆,2.46亿,6628万,21.79,4.23亿,1.10亿,30.84,4.50亿,1.11亿,14.42
720,601997,贵阳银行,77.05亿,32.22亿,26.37,102亿,36.54亿,21.67,125亿,45.31亿,19.76
721,300560,中富通,2.86亿,3471万,13.99,3.30亿,3815万,12.34,3.90亿,3903万,8.32
722,603669,灵康药业,5.51亿,1.50亿,19.45,4.79亿,1.54亿,13.55,10.05亿,1.61亿,13.07
723,300502,新易盛,6.15亿,9445万,19.74,7.14亿,1.05亿,12.36,8.77亿,1.11亿,10.69
724,603568,伟明环保,6.75亿,2.91亿,21.48,6.93亿,3.29亿,18.23,10.29亿,5.07亿,24.24
725,603066,音飞储存,4.64亿,6789万,11.98,4.90亿,8183万,10.81,5.99亿,8333万,10.02
726,300494,盛天网络,2.40亿,7651万,25.08,3.44亿,1.10亿,12.9,3.88亿,8589万,9.21
727,603701,德宏股份,4.09亿,5466万,20.99,4.16亿,6774万,15.02,5.09亿,8069万,14.15
728,002244,滨江集团,126亿,10.03亿,12.02,195亿,13.99亿,12.21,138亿,17.11亿,12.64
729,002242,九阳股份,70.60亿,6.20亿,19.72,73.15亿,6.98亿,21.36,72.48亿,6.89亿,18.4
730,600438,通威股份,188亿,7.37亿,17.19,209亿,10.25亿,14.38,261亿,20.12亿,16.07
731,300196,长海股份,15.16亿,2.14亿,17.92,17.68亿,2.58亿,14.9,20.27亿,2.02亿,8.65
732,601801,皖新传媒,65.81亿,7.73亿,14.22,75.94亿,10.59亿,17.22,87.10亿,11.17亿,12.48
733,002421,达实智能,17.11亿,1.53亿,9.08,24.57亿,2.75亿,10.31,25.72亿,3.12亿,10.58
734,002415,海康威视,253亿,58.69亿,35.28,319亿,74.24亿,34.58,419亿,94.11亿,34.96
735,002450,康得新,75.61亿,14.39亿,26.16,92.33亿,19.63亿,17.32,118亿,24.74亿,14.77
736,600755,厦门国贸,642亿,6.43亿,8.26,981亿,10.43亿,11.76,1647亿,19.07亿,15.23
737,600054,黄山旅游,16.65亿,2.96亿,11.76,16.69亿,3.52亿,9.87,17.84亿,4.14亿,10.14
738,300484,蓝海华腾,3.10亿,7094万,31.97,6.78亿,1.55亿,32.02,5.79亿,1.28亿,19.57
739,300393,中来股份,7.34亿,1.08亿,13.78,13.88亿,1.65亿,18.51,32.43亿,2.59亿,23.74
740,601668,中国建筑,8806亿,261亿,16.0,9598亿,299亿,15.87,1.05万亿,329亿,15.82
741,600703,三安光电,48.58亿,16.95亿,14.21,62.73亿,21.67亿,12.95,83.94亿,31.64亿,17.13
742,600436,片仔癀,18.86亿,4.67亿,15.43,23.09亿,5.36亿,16.2,37.14亿,8.07亿,21.16
743,000811,冰轮环境,28.69亿,3.08亿,14.86,30.70亿,3.06亿,13.67,34.52亿,3.14亿,12.51
744,603328,依顿电子,29.28亿,4.67亿,11.25,29.34亿,5.88亿,13.0,32.86亿,5.53亿,11.65
745,300577,开润股份,4.94亿,6624万,37.47,7.76亿,8400万,37.04,11.62亿,1.33亿,19.98
746,300643,万通智控,2.89亿,3482万,21.5,3.10亿,3907万,19.58,3.20亿,3534万,10.39
747,603306,华懋科技,6.76亿,1.75亿,17.47,8.90亿,2.62亿,22.33,9.89亿,2.78亿,17.52
748,300523,辰安科技,4.13亿,7780万,27.59,5.48亿,7936万,15.22,6.39亿,9101万,10.95
749,002800,天顺股份,4.87亿,3273万,12.73,5.50亿,3543万,10.13,10.17亿,4122万,9.53
750,603699,纽威股份,21.50亿,3.42亿,14.17,20.45亿,2.19亿,9.0,23.95亿,2.09亿,8.31
751,601216,君正集团,48.33亿,8.40亿,12.22,57.14亿,15.84亿,12.21,77.40亿,21.48亿,14.63
752,300054,鼎龙股份,10.50亿,1.59亿,12.76,13.06亿,2.40亿,12.85,17.00亿,3.36亿,10.02
753,300070,碧水源,52.14亿,13.62亿,16.35,88.92亿,18.46亿,12.8,138亿,25.09亿,14.99
754,600867,通化东宝,16.69亿,4.93亿,21.81,20.40亿,6.41亿,20.78,25.45亿,8.37亿,19.79
755,000652,泰达股份,96.56亿,2.55亿,10.23,156亿,2.71亿,8.3,190亿,2.98亿,8.14
756,600335,国机汽车,642亿,4.81亿,9.03,508亿,6.10亿,10.1,502亿,6.70亿,9.29
757,000902,新洋丰,96.19亿,7.48亿,19.68,82.76亿,5.63亿,11.53,90.32亿,6.80亿,12.56
758,300548,博创科技,2.37亿,4394万,15.38,3.18亿,6791万,18.04,3.49亿,7980万,13.64
759,603416,信捷电气,3.03亿,8129万,27.53,3.53亿,1.00亿,26.9,4.84亿,1.24亿,14.1
760,603505,金石资源,2.19亿,3464万,8.65,2.83亿,5020万,11.33,3.78亿,7711万,12.29
761,300570,太辰光,5.02亿,1.16亿,36.01,4.21亿,1.01亿,22.64,4.90亿,1.00亿,9.19
762,300531,优博讯,2.73亿,5949万,25.19,3.33亿,6757万,18.01,4.43亿,4861万,8.42
763,603311,金海环境,4.19亿,5175万,11.32,4.88亿,7079万,11.39,5.22亿,8041万,11.64
764,603060,国检集团,5.97亿,1.05亿,27.45,6.65亿,1.16亿,25.49,7.52亿,1.44亿,14.79
765,300512,中亚股份,5.87亿,1.34亿,28.79,6.36亿,1.61亿,16.46,6.86亿,1.86亿,13.55
766,002787,华源控股,9.10亿,8414万,16.32,10.07亿,1.08亿,11.66,11.49亿,9328万,9.61
767,603660,苏州科达,12.22亿,1.20亿,21.34,14.49亿,1.75亿,23.98,18.25亿,2.71亿,21.46
768,002783,凯龙股份,8.91亿,9759万,13.66,9.54亿,1.09亿,8.33,13.59亿,1.15亿,8.44
769,300349,金卡智能,5.93亿,8227万,9.14,8.54亿,8761万,8.04,16.88亿,3.48亿,12.2
770,002157,正邦科技,164亿,3.11亿,13.7,189亿,10.46亿,28.58,206亿,5.26亿,8.63
771,002085,万丰奥威,84.81亿,7.98亿,23.99,94.86亿,9.58亿,20.53,102亿,9.01亿,15.96
772,002025,航天电器,18.73亿,2.33亿,12.49,22.56亿,2.61亿,12.71,26.12亿,3.11亿,13.81
773,600153,建发股份,1281亿,26.41亿,14.54,1456亿,28.56亿,14.07,2186亿,33.31亿,14.83
774,600309,万华化学,195亿,16.10亿,14.67,301亿,36.79亿,28.11,531亿,111亿,50.66
775,600261,阳光照明,42.58亿,3.72亿,13.3,43.93亿,4.52亿,14.97,50.38亿,4.01亿,12.44
776,000070,特发信息,24.50亿,9194万,8.03,46.12亿,1.96亿,11.9,54.73亿,2.66亿,14.29
777,600486,扬农化工,31.14亿,4.55亿,15.52,29.29亿,4.39亿,13.44,44.38亿,5.75亿,15.71
778,600195,中牧股份,42.34亿,2.76亿,9.08,39.74亿,3.34亿,10.32,40.70亿,4.00亿,11.11
779,603208,江山欧派,6.57亿,9373万,29.8,7.66亿,1.09亿,27.61,10.10亿,1.38亿,15.89
780,300648,星云股份,1.41亿,2976万,20.91,2.27亿,5077万,25.66,3.09亿,6262万,15.35
781,300603,立昂技术,2.78亿,2599万,11.86,3.63亿,3547万,14.2,9.73亿,8037万,21.04
782,603223,恒通股份,20.23亿,4369万,9.01,21.66亿,5820万,9.56,40.92亿,6195万,9.41
783,603377,东方时尚,13.27亿,3.29亿,47.86,11.55亿,2.46亿,16.98,11.73亿,2.35亿,14.03
784,603986,兆易创新,11.89亿,1.58亿,31.92,14.89亿,1.76亿,21.18,20.30亿,3.97亿,26.27
785,603017,中衡设计,6.36亿,6768万,8.02,9.12亿,1.21亿,10.89,14.54亿,1.51亿,9.33
786,603320,迪贝电气,4.19亿,2630万,9.76,5.12亿,4589万,15.02,6.54亿,5153万,10.39
787,002709,天赐材料,9.46亿,9956万,10.71,18.37亿,3.96亿,28.82,20.57亿,3.05亿,15.17
788,603766,隆鑫通用,70.43亿,7.74亿,17.46,84.83亿,8.66亿,15.47,106亿,9.65亿,15.89
789,002434,万里扬,19.73亿,2.12亿,9.46,37.32亿,3.12亿,11.81,50.30亿,6.43亿,11.04
790,300145,中金环境,19.48亿,2.84亿,16.33,27.90亿,5.10亿,13.42,38.15亿,5.91亿,13.65
791,300124,汇川技术,27.71亿,8.09亿,21.91,36.60亿,9.32亿,21.49,47.77亿,10.60亿,20.98
792,601515,东风股份,22.19亿,7.41亿,22.44,23.42亿,5.67亿,16.07,28.02亿,6.52亿,17.5
793,002174,游族网络,15.35亿,5.16亿,42.19,25.30亿,5.88亿,24.12,32.36亿,6.56亿,21.12
794,600764,中国海防,4.09亿,-1.25亿,9.96,3.12亿,4326万,12.21,3.63亿,8164万,15.9
795,600258,首旅酒店,13.33亿,1.00亿,8.44,65.23亿,2.11亿,12.78,84.17亿,6.31亿,8.98
796,300645,正元智慧,3.20亿,3345万,12.08,3.63亿,4575万,14.32,4.49亿,4197万,8.93
797,300608,思特奇,6.14亿,4740万,15.81,6.85亿,5546万,16.13,7.40亿,6545万,11.13
798,002868,绿康生化,3.86亿,7810万,35.25,4.01亿,9236万,35.16,3.75亿,8592万,15.77
799,603040,新坐标,1.18亿,4614万,20.97,1.58亿,5548万,21.82,2.71亿,1.05亿,21.04
800,002867,周大生,27.29亿,3.53亿,26.49,29.02亿,4.27亿,28.09,38.05亿,5.92亿,21.6
801,300642,透景生命,1.69亿,6578万,40.68,2.31亿,9777万,41.04,3.03亿,1.27亿,18.79
802,603737,三棵树,15.19亿,1.16亿,23.2,19.48亿,1.34亿,16.7,26.19亿,1.76亿,16.72
803,300572,安车检测,2.82亿,4222万,18.15,3.18亿,4903万,16.61,4.12亿,7905万,14.99
804,300505,川金诺,5.46亿,4220万,12.47,6.47亿,5809万,10.74,8.00亿,6058万,9.43
805,300579,数字认证,3.73亿,4777万,25.17,4.46亿,5996万,25.65,5.20亿,8425万,16.29
806,300546,雄帝科技,2.49亿,5347万,21.19,2.93亿,6041万,16.39,3.80亿,7951万,12.77
807,002830,名雕股份,6.73亿,4809万,16.87,6.91亿,5058万,15.85,7.44亿,5158万,8.8
808,002664,长鹰信质,15.08亿,2.02亿,14.33,17.80亿,2.31亿,14.53,24.19亿,2.56亿,14.12
809,601789,宁波建工,133亿,1.91亿,8.41,137亿,1.95亿,8.15,147亿,2.14亿,8.51
810,002152,广电运通,39.73亿,8.98亿,20.98,44.24亿,8.44亿,11.82,43.84亿,8.99亿,10.29
811,002153,石基信息,19.87亿,3.61亿,17.47,26.63亿,3.89亿,8.09,29.61亿,4.19亿,8.64
812,000546,金圆股份,18.65亿,2.64亿,15.12,21.64亿,3.06亿,15.2,50.73亿,3.51亿,13.8
813,600325,华发股份,83.08亿,6.80亿,8.88,133亿,10.18亿,8.3,199亿,16.20亿,12.65
814,000069,华侨城A,322亿,46.41亿,15.35,355亿,68.88亿,16.84,423亿,86.43亿,18.05
815,600593,大连圣亚,3.05亿,4299万,11.71,3.01亿,3355万,8.62,3.45亿,5546万,13.3
816,600498,烽火通信,135亿,6.57亿,9.83,174亿,7.60亿,10.75,211亿,8.25亿,10.36
817,000900,现代投资,65.16亿,5.67亿,8.43,95.24亿,8.22亿,11.2,106亿,8.65亿,10.56
818,600162,香江控股,42.33亿,4.29亿,11.2,54.10亿,6.90亿,13.3,43.14亿,8.17亿,11.59
819,000797,中国武夷,24.09亿,1.27亿,10.89,25.71亿,2.20亿,10.96,41.72亿,2.50亿,10.55
820,603160,汇顶科技,11.20亿,3.78亿,35.52,30.79亿,8.57亿,47.13,36.82亿,8.87亿,28.79
821,603556,海兴电力,20.00亿,4.33亿,29.52,21.64亿,5.08亿,25.44,30.25亿,5.63亿,12.64
822,603101,汇嘉时代,27.42亿,1.04亿,17.32,26.54亿,9661万,9.64,30.27亿,1.02亿,8.17
823,300389,艾比森,10.14亿,1.26亿,15.07,11.66亿,1.51亿,16.56,15.47亿,1.06亿,10.51
824,002223,鱼跃医疗,21.04亿,3.64亿,18.85,26.40亿,5.00亿,14.31,35.42亿,5.92亿,11.37
825,002083,孚日股份,42.05亿,3.11亿,10.77,43.75亿,3.78亿,12.13,48.22亿,4.10亿,12.63
826,601311,骆驼股份,53.77亿,6.09亿,14.34,63.01亿,5.15亿,10.97,76.18亿,4.83亿,9.37
827,002491,通鼎互联,36.09亿,2.56亿,9.71,41.43亿,5.39亿,19.0,42.32亿,5.95亿,14.8
828,002358,森源电气,16.90亿,1.83亿,8.59,29.53亿,3.31亿,10.88,35.51亿,4.47亿,9.49
829,000892,欢瑞世纪,4.74亿,1.71亿,20.23,7.39亿,2.65亿,24.89,15.67亿,4.22亿,14.51
830,300498,温氏股份,482亿,62.05亿,34.95,594亿,118亿,43.48,557亿,67.51亿,21.65
831,603232,格尔软件,1.86亿,4790万,21.23,2.32亿,5638万,20.63,2.72亿,7025万,14.83
832,603787,新日股份,23.95亿,5515万,10.42,20.55亿,7621万,14.68,26.96亿,7325万,9.75
833,603429,集友股份,1.75亿,4687万,29.97,1.87亿,5280万,29.94,2.34亿,9915万,21.41
834,300554,三超新材,1.15亿,3350万,19.43,1.56亿,3792万,18.43,2.84亿,8613万,22.5
835,300481,濮阳惠成,3.50亿,5749万,17.42,3.76亿,6489万,14.72,5.41亿,7416万,15.38
836,300535,达威股份,2.75亿,4809万,16.37,2.99亿,5782万,13.53,3.33亿,5175万,8.07
837,002749,国光股份,6.05亿,1.34亿,19.02,6.14亿,1.39亿,16.24,7.37亿,1.85亿,22.1
838,603909,合诚股份,2.74亿,5300万,19.34,2.90亿,5784万,13.2,3.44亿,6223万,10.33
839,002843,泰嘉股份,2.45亿,4098万,11.02,2.49亿,4115万,10.53,3.00亿,5067万,8.8
840,300400,劲拓股份,2.57亿,3204万,8.64,3.28亿,5211万,12.84,4.78亿,8034万,17.43
841,002690,美亚光电,8.41亿,2.89亿,17.56,9.01亿,3.09亿,15.78,10.94亿,3.65亿,17.38
842,300231,银信科技,6.71亿,8331万,19.78,10.50亿,1.16亿,21.39,9.34亿,1.23亿,18.45
843,600104,上汽集团,6704亿,298亿,17.91,7564亿,320亿,17.51,8706亿,344亿,16.87
844,600422,昆药集团,49.16亿,4.21亿,18.37,51.01亿,4.07亿,11.9,58.52亿,3.30亿,9.15
845,600179,安通控股,30.88亿,2.65亿,21.29,37.98亿,4.01亿,22.24,67.61亿,5.52亿,20.29
846,002773,康弘药业,20.74亿,3.94亿,19.34,25.40亿,4.97亿,18.41,27.86亿,6.44亿,20.34
847,603096,新经典,8.81亿,1.30亿,26.12,8.53亿,1.52亿,25.17,9.44亿,2.32亿,19.33
848,603920,世运电路,14.00亿,1.57亿,21.8,16.35亿,2.65亿,32.63,19.57亿,1.81亿,9.82
849,603358,华达科技,23.69亿,2.57亿,27.65,27.25亿,2.91亿,25.42,31.72亿,2.26亿,9.51
850,300514,友讯达,3.51亿,3230万,18.31,4.57亿,4372万,20.08,6.01亿,7186万,18.45
851,002866,传艺科技,4.02亿,6066万,23.8,5.82亿,9001万,26.41,6.69亿,7777万,10.93
852,300558,贝达药业,9.15亿,3.45亿,48.72,10.35亿,3.69亿,32.88,10.26亿,2.58亿,12.98
853,300428,四通新材,7.46亿,6213万,11.71,8.99亿,6992万,11.38,11.50亿,1.05亿,15.77
854,601900,南方传媒,46.02亿,3.77亿,17.74,49.18亿,4.22亿,12.8,52.51亿,6.11亿,14.68
855,002771,真视通,7.09亿,6004万,14.96,7.94亿,6904万,12.24,8.19亿,6928万,11.23
856,300532,今天国际,5.07亿,6230万,17.73,3.99亿,5464万,10.98,5.70亿,9320万,12.44
857,300043,星辉娱乐,16.73亿,3.52亿,17.23,23.93亿,4.58亿,19.72,27.55亿,2.30亿,9.31
858,300015,爱尔眼科,31.66亿,4.28亿,19.64,40.00亿,5.57亿,21.15,59.63亿,7.43亿,21.74
859,002507,涪陵榨菜,9.31亿,1.57亿,12.85,11.21亿,2.57亿,17.56,15.20亿,4.14亿,23.76
860,603393,新天然气,9.50亿,2.00亿,32.82,9.15亿,2.03亿,21.72,10.16亿,2.64亿,14.29
861,603668,天马科技,8.09亿,6605万,18.36,8.44亿,8029万,19.13,11.36亿,9086万,12.01
862,002865,钧达股份,7.66亿,4608万,9.62,9.22亿,5575万,10.49,11.53亿,6744万,9.09
863,000688,建新矿业,10.91亿,2.88亿,21.4,11.14亿,2.34亿,14.47,12.40亿,4.12亿,21.04
864,600763,通策医疗,7.63亿,1.24亿,17.92,8.79亿,1.36亿,18.17,11.80亿,2.17亿,23.39
865,600000,浦发银行,1466亿,506亿,18.82,1608亿,531亿,16.35,1686亿,543亿,14.45
866,601988,中国银行,4743亿,1708亿,14.53,4836亿,1646亿,12.58,4833亿,1724亿,12.24
867,600621,华鑫股份,3.65亿,1.30亿,13.14,24.35亿,3.98亿,8.14,36.40亿,7.75亿,13.47
868,600383,金地集团,328亿,32.00亿,9.86,555亿,63.00亿,17.84,377亿,68.43亿,17.62
869,002051,中工国际,81.20亿,10.51亿,18.87,80.66亿,12.80亿,19.55,109亿,14.84亿,19.24
870,002841,视源股份,59.96亿,3.54亿,54.65,82.38亿,7.42亿,74.94,109亿,6.91亿,31.46
871,603369,今世缘,24.25亿,6.85亿,17.94,25.62亿,7.58亿,17.43,29.57亿,8.96亿,18.11
872,002589,瑞康医药,97.50亿,2.36亿,8.16,156亿,5.91亿,13.02,233亿,10.08亿,13.74
873,002557,洽洽食品,33.11亿,3.64亿,13.13,35.13亿,3.54亿,12.26,36.03亿,3.19亿,10.74
874,002368,太极股份,48.29亿,2.02亿,9.57,52.19亿,3.02亿,11.77,53.00亿,2.92亿,11.59
875,300233,金城医药,11.79亿,1.71亿,14.19,14.20亿,1.59亿,11.72,27.88亿,2.86亿,8.46
876,601186,中国铁建,6005亿,126亿,12.41,6293亿,140亿,11.55,6810亿,161亿,12.16
877,601238,广汽集团,294亿,42.32亿,11.43,494亿,62.88亿,15.39,716亿,108亿,21.49
878,601139,深圳燃气,79.67亿,6.60亿,10.15,85.09亿,7.72亿,10.42,111亿,8.87亿,11.0
879,002279,久其软件,7.17亿,1.35亿,10.19,13.21亿,2.19亿,10.6,19.92亿,3.07亿,12.86
880,601390,中国中铁,6241亿,123亿,10.94,6434亿,125亿,9.57,6934亿,161亿,11.25
881,002396,星网锐捷,45.17亿,2.62亿,11.26,56.88亿,3.19亿,11.62,77.05亿,4.72亿,15.44
882,601158,重庆水务,44.88亿,15.52亿,11.65,44.54亿,10.68亿,8.03,44.72亿,20.67亿,15.09
883,601111,中国国航,1089亿,67.74亿,11.84,1127亿,68.14亿,10.61,1214亿,72.40亿,8.96
884,600887,伊利股份,604亿,46.32亿,23.87,606亿,56.62亿,26.58,681亿,60.01亿,25.22
885,000623,吉林敖东,23.35亿,25.94亿,17.33,27.37亿,16.66亿,9.43,29.77亿,18.63亿,9.59
886,000719,中原传媒,71.39亿,7.03亿,12.5,78.90亿,6.73亿,10.5,81.74亿,6.93亿,9.97
887,000718,苏宁环球,73.75亿,8.99亿,17.15,82.47亿,10.71亿,12.54,57.68亿,11.48亿,14.88
888,000858,五粮液,217亿,61.76亿,14.93,245亿,67.85亿,15.01,302亿,96.74亿,19.38
889,002019,亿帆医药,24.35亿,3.61亿,13.29,35.05亿,7.05亿,22.02,43.73亿,13.05亿,27.87
890,600115,东方航空,938亿,45.41亿,14.73,986亿,45.08亿,10.85,1017亿,63.52亿,12.64
891,600350,山东高速,69.74亿,26.96亿,12.22,84.61亿,30.89亿,12.93,73.80亿,26.44亿,10.29
892,600329,中新药业,70.81亿,4.51亿,13.55,62.43亿,4.24亿,10.3,56.89亿,4.76亿,11.05
893,600684,珠江实业,33.29亿,2.87亿,13.14,41.01亿,3.33亿,13.71,42.40亿,3.60亿,13.16
894,600682,南京新百,159亿,3.67亿,19.02,170亿,4.64亿,15.56,180亿,7.36亿,10.41
895,600035,楚天高速,12.31亿,4.30亿,11.07,12.73亿,3.90亿,9.3,26.88亿,5.76亿,10.31
896,600452,涪陵电力,12.50亿,1.86亿,30.85,16.65亿,1.68亿,22.23,20.60亿,2.26亿,22.32
897,600658,电子城,18.12亿,5.24亿,16.37,15.16亿,4.20亿,9.73,21.34亿,5.08亿,8.25
898,600545,卓郎智能,43.80亿,3119万,20.97,63.53亿,4.75亿,20.95,87.13亿,6.58亿,23.67
899,600081,东风科技,48.25亿,1.53亿,14.74,52.24亿,1.17亿,10.47,61.02亿,1.39亿,11.6
900,600061,国投资本,178亿,45.23亿,20.51,107亿,31.12亿,9.44,103亿,25.90亿,9.13
901,600016,民生银行,1544亿,461亿,16.98,1552亿,478亿,15.13,1443亿,498亿,14.03
902,000151,中成股份,12.12亿,1.35亿,13.43,17.67亿,1.01亿,10.09,22.29亿,8736万,8.82
903,600557,康缘药业,28.20亿,3.62亿,13.65,30.00亿,3.74亿,12.55,32.75亿,3.74亿,11.29
904,000928,中钢国际,97.69亿,4.72亿,17.78,94.48亿,5.13亿,15.78,78.59亿,4.18亿,9.37
905,600366,宁波韵升,14.36亿,3.41亿,10.65,15.60亿,8.00亿,19.48,18.81亿,4.23亿,9.14
906,600183,生益科技,76.10亿,5.44亿,12.31,85.38亿,7.48亿,15.65,108亿,10.75亿,20.12
907,601398,工商银行,6976亿,2771亿,17.1,6759亿,2782亿,15.24,7265亿,2860亿,14.35
908,601818,光大银行,932亿,295亿,15.5,940亿,303亿,13.8,919亿,315亿,12.75
909,600535,天士力,132亿,14.79亿,22.82,139亿,11.76亿,15.24,161亿,13.77亿,15.24
910,600917,重庆燃气,59.26亿,3.75亿,11.13,54.89亿,3.71亿,10.45,57.14亿,3.63亿,9.9
911,601128,常熟银行,34.92亿,9.66亿,12.79,44.75亿,10.41亿,11.91,49.97亿,12.64亿,12.52
912,603239,浙江仙通,4.24亿,8773万,31.09,5.86亿,1.50亿,41.65,7.32亿,1.70亿,18.36
913,603019,中科曙光,36.62亿,1.77亿,14.09,43.60亿,2.24亿,10.59,62.94亿,3.09亿,10.24
914,300545,联得装备,2.50亿,5132万,25.94,2.56亿,3843万,13.23,4.66亿,5652万,11.63
915,300503,昊志机电,2.21亿,4345万,10.04,3.31亿,6278万,10.13,4.46亿,7526万,10.52
916,002812,创新股份,11.31亿,1.50亿,19.42,11.46亿,1.65亿,9.2,12.20亿,1.56亿,9.74
917,002803,吉宏股份,5.22亿,3738万,14.6,5.70亿,4300万,12.85,11.33亿,8003万,17.04
918,002777,久远银海,4.50亿,5722万,25.74,5.27亿,7727万,17.62,6.90亿,9080万,18.81
919,002820,桂发祥,4.57亿,9404万,24.02,4.58亿,9177万,19.35,4.86亿,9260万,9.21
920,002809,红墙股份,4.49亿,8258万,21.38,4.37亿,6614万,11.23,6.31亿,8064万,8.78
921,300547,川环科技,4.42亿,6517万,24.56,5.11亿,8433万,21.29,6.48亿,1.14亿,17.53
922,002763,汇洁股份,18.88亿,1.66亿,15.02,20.49亿,1.83亿,11.76,21.36亿,2.22亿,13.26
923,300440,运达科技,4.60亿,1.28亿,13.6,6.12亿,1.39亿,11.27,5.95亿,1.19亿,8.41
924,300448,浩云科技,4.66亿,6588万,14.44,5.45亿,8716万,13.97,5.70亿,1.11亿,12.77
925,601021,春秋航空,80.94亿,13.28亿,23.01,84.29亿,9.51亿,13.74,110亿,12.62亿,16.0
926,300467,迅游科技,1.72亿,5936万,20.67,1.58亿,3912万,8.19,2.78亿,1.02亿,13.04
927,603788,宁波高发,6.68亿,1.12亿,17.4,8.61亿,1.57亿,20.72,12.08亿,2.33亿,19.52
928,002739,万达电影,80.01亿,11.86亿,26.24,112亿,13.66亿,14.02,132亿,15.16亿,13.73
929,002798,帝欧家居,3.87亿,5342万,14.76,4.27亿,5063万,10.06,5.34亿,5453万,8.85
930,000333,美的集团,1393亿,127亿,29.06,1598亿,147亿,26.88,2419亿,173亿,25.88
931,300298,三诺生物,6.46亿,1.44亿,12.42,7.96亿,1.15亿,9.47,10.33亿,2.58亿,19.43
932,600804,鹏博士,79.26亿,7.17亿,14.04,88.50亿,7.67亿,12.98,81.70亿,7.69亿,11.43
933,002680,长生生物,7.96亿,2.93亿,25.43,10.18亿,4.25亿,12.15,15.53亿,5.66亿,15.43
934,002385,大北农,161亿,7.06亿,10.84,168亿,8.83亿,9.88,187亿,12.65亿,13.16
935,002410,广联达,15.39亿,2.42亿,8.83,20.39亿,4.23亿,14.85,23.57亿,4.72亿,15.77
936,002354,天神娱乐,9.41亿,3.62亿,32.13,16.75亿,5.47亿,10.24,31.01亿,10.20亿,13.62
937,300003,乐普医疗,27.69亿,5.21亿,15.62,34.68亿,6.79亿,14.7,45.38亿,8.99亿,15.17
938,002367,康力电梯,32.70亿,4.89亿,22.7,33.14亿,4.24亿,15.1,32.80亿,3.26亿,8.96
939,300222,科大智能,8.58亿,1.37亿,10.07,17.34亿,2.77亿,11.17,25.59亿,3.37亿,8.73
940,002561,徐家汇,19.96亿,2.53亿,13.39,21.01亿,2.41亿,12.07,21.02亿,2.37亿,11.34
941,002238,天威视讯,17.89亿,2.72亿,11.42,16.93亿,3.05亿,11.72,15.91亿,2.36亿,8.68
942,601766,中国中车,2419亿,118亿,12.47,2297亿,113亿,11.2,2110亿,108亿,9.14
943,300229,拓尔思,3.88亿,1.21亿,8.28,6.80亿,1.37亿,8.74,8.21亿,1.58亿,9.16
944,002158,汉钟精机,8.89亿,1.57亿,11.69,12.46亿,2.07亿,10.32,16.04亿,2.27亿,10.63
945,002202,金风科技,301亿,28.49亿,18.13,264亿,30.03亿,16.87,251亿,30.55亿,15.04
946,600885,宏发股份,42.48亿,4.72亿,16.64,50.83亿,5.82亿,18.13,60.20亿,6.85亿,17.91
947,000656,金科股份,194亿,12.67亿,10.26,322亿,13.95亿,9.42,348亿,20.05亿,10.63
948,601336,新华保险,1585亿,86.01亿,16.2,1462亿,49.42亿,8.45,1441亿,53.83亿,8.76
949,601601,中国太保,2472亿,177亿,14.2,2670亿,121亿,9.1,3198亿,147亿,10.9
950,600741,华域汽车,1055亿,52.33亿,18.34,1243亿,60.76亿,16.84,1405亿,65.54亿,16.51
951,002032,苏泊尔,109亿,8.89亿,21.9,119亿,10.77亿,22.79,142亿,13.08亿,26.87
952,002672,东江环保,24.03亿,3.33亿,12.78,26.17亿,5.34亿,17.65,31.00亿,4.73亿,13.53
953,600483,福能股份,71.58亿,10.63亿,17.16,63.62亿,10.15亿,10.77,67.99亿,8.44亿,8.21
954,600657,信达地产,81.36亿,8.60亿,10.6,116亿,8.81亿,10.09,152亿,10.11亿,10.72
955,600299,安迪苏,152亿,15.29亿,17.6,107亿,18.65亿,16.79,104亿,13.23亿,10.51
956,600252,中恒集团,13.43亿,5.20亿,8.97,16.70亿,4.89亿,9.53,20.48亿,6.05亿,11.08
957,600068,葛洲坝,823亿,26.83亿,13.82,1003亿,33.95亿,14.78,1068亿,46.84亿,17.28
958,600064,南京高科,38.82亿,8.48亿,9.83,52.21亿,9.27亿,9.86,36.26亿,9.46亿,9.53
959,002043,兔宝宝,16.47亿,9749万,11.52,26.77亿,2.60亿,17.57,41.20亿,3.65亿,20.75
960,600406,国电南瑞,97.12亿,13.00亿,14.03,282亿,31.61亿,16.12,242亿,32.41亿,16.38
961,600426,华鲁恒升,86.51亿,9.05亿,12.98,77.01亿,8.75亿,11.27,104亿,12.22亿,14.02
962,600419,天润乳业,5.89亿,5086万,11.7,8.75亿,7827万,11.2,12.40亿,9913万,12.59
963,000921,海信科龙,235亿,5.80亿,15.49,267亿,10.88亿,24.23,335亿,19.98亿,35.12
964,000920,南方汇通,9.05亿,8411万,9.07,10.09亿,9866万,10.38,10.83亿,1.14亿,14.03
965,601939,建设银行,6052亿,2281亿,17.27,6051亿,2315亿,15.44,6217亿,2423亿,14.8
966,000166,申万宏源,305亿,122亿,27.41,147亿,54.09亿,10.59,134亿,46.00亿,8.61
967,601200,上海环境,20.09亿,3.41亿,8.0,25.51亿,4.65亿,9.98,25.66亿,5.06亿,9.83
968,300640,德艺文创,3.37亿,3188万,34.12,3.53亿,4447万,41.58,4.71亿,3566万,16.75
969,002826,易明医药,3.47亿,5003万,24.51,4.52亿,5536万,18.64,3.80亿,6048万,10.46
970,300604,长川科技,1.02亿,2491万,18.63,1.24亿,4142万,20.38,1.80亿,5025万,14.66
971,600908,无锡银行,23.97亿,8.33亿,12.3,25.20亿,8.93亿,11.52,28.51亿,9.95亿,11.04
972,603968,醋化股份,12.42亿,1.04亿,12.34,13.30亿,1.48亿,12.8,16.61亿,1.61亿,12.53
973,603098,森特股份,10.72亿,1.73亿,19.63,16.96亿,2.07亿,20.66,21.36亿,2.00亿,12.36
974,300474,景嘉微,2.40亿,8895万,25.45,2.78亿,1.05亿,14.3,3.06亿,1.19亿,12.47
975,002823,凯中精密,8.80亿,9125万,22.43,11.16亿,1.29亿,24.38,13.84亿,1.53亿,13.94
976,603018,中设集团,13.97亿,1.60亿,9.56,19.91亿,2.10亿,11.54,27.76亿,2.97亿,15.99
977,002821,凯莱英,8.31亿,1.54亿,18.62,11.03亿,2.53亿,24.11,14.23亿,3.41亿,17.93
978,603898,好莱客,10.82亿,1.62亿,20.17,14.33亿,2.52亿,24.1,18.63亿,3.48亿,22.45
979,603868,飞科电器,27.83亿,5.02亿,55.23,33.64亿,6.13亿,34.3,38.53亿,8.35亿,38.42
980,601811,新华文轩,57.33亿,6.47亿,9.83,63.56亿,6.47亿,8.22,73.46亿,9.24亿,11.29
981,002818,富森美,10.41亿,4.53亿,21.8,12.21亿,5.56亿,20.42,12.58亿,6.51亿,16.25
982,603866,桃李面包,25.63亿,3.47亿,30.33,33.05亿,4.36亿,22.42,40.80亿,5.13亿,22.36
983,603030,全筑股份,21.85亿,8253万,11.35,33.36亿,1.00亿,9.89,46.25亿,1.65亿,10.9
984,002734,利民股份,8.35亿,6744万,9.23,11.60亿,1.13亿,12.18,14.23亿,1.37亿,8.21
985,603006,联明股份,6.84亿,9773万,14.02,9.23亿,1.29亿,16.7,10.16亿,1.14亿,12.96
986,300320,海达股份,8.29亿,6576万,8.9,8.56亿,8298万,10.4,12.92亿,1.40亿,15.91
987,000034,神州数码,4.58亿,2136万,12.12,405亿,4.04亿,19.04,622亿,7.23亿,24.1
988,000726,鲁泰A,61.73亿,7.12亿,10.66,59.90亿,8.09亿,11.7,64.09亿,8.41亿,11.87
989,600340,华夏幸福,383亿,48.01亿,42.07,538亿,64.92亿,29.54,596亿,87.81亿,31.4
990,300259,新天科技,3.80亿,7950万,9.64,5.06亿,1.05亿,9.76,7.45亿,1.61亿,9.05
991,300327,中颖电子,4.11亿,4978万,8.39,5.18亿,1.08亿,16.35,6.86亿,1.34亿,18.04
992,002508,老板电器,45.43亿,8.30亿,29.1,57.95亿,12.07亿,33.38,70.17亿,14.61亿,31.66
993,002595,豪迈科技,23.09亿,6.44亿,23.57,26.06亿,7.18亿,22.2,29.95亿,6.76亿,18.44
994,300009,安科生物,6.36亿,1.36亿,17.14,8.49亿,1.97亿,15.51,10.96亿,2.78亿,19.02
995,601618,中国中冶,2173亿,48.02亿,9.46,2196亿,53.76亿,9.3,2440亿,60.61亿,8.44
996,300127,银河磁体,3.82亿,9292万,9.13,4.23亿,1.18亿,11.12,5.27亿,1.93亿,16.87
997,601800,中国交建,4044亿,157亿,11.88,4317亿,167亿,11.73,4828亿,206亿,12.95
998,002108,沧州明珠,21.75亿,2.15亿,12.68,27.65亿,4.87亿,24.1,35.24亿,5.45亿,18.58
999,000598,兴蓉环境,30.62亿,8.25亿,10.54,30.58亿,8.74亿,10.22,37.31亿,8.96亿,9.64
1000,600018,上港集团,295亿,65.62亿,11.53,314亿,69.39亿,11.38,374亿,115亿,17.92
1001,600803,新奥股份,56.59亿,8.06亿,17.82,63.96亿,5.19亿,11.65,100亿,6.31亿,12.86
1002,000997,新大陆,30.45亿,3.35亿,17.11,35.45亿,4.61亿,18.77,49.20亿,6.54亿,20.61
1003,600079,人福医药,101亿,6.54亿,9.42,123亿,8.32亿,9.09,154亿,20.69亿,17.43
1004,601328,交通银行,1938亿,665亿,13.46,1932亿,672亿,12.22,1960亿,702亿,11.4
1005,601288,农业银行,5362亿,1806亿,16.79,5060亿,1839亿,15.14,5370亿,1930亿,14.57
1006,600999,招商证券,253亿,109亿,23.95,117亿,54.03亿,10.58,134亿,57.86亿,8.39
1007,600196,复星医药,126亿,24.60亿,14.21,146亿,28.06亿,14.25,185亿,31.24亿,13.02
1008,300539,横河模具,3.73亿,2655万,13.68,3.99亿,3754万,14.37,4.92亿,3147万,8.62
1009,002828,贝肯能源,7.30亿,6522万,14.23,4.28亿,6261万,12.82,6.49亿,7002万,8.04
1010,603108,润达医疗,16.29亿,9176万,12.59,21.65亿,1.16亿,10.95,43.19亿,2.19亿,9.98
1011,300443,金雷风电,6.61亿,1.45亿,20.29,6.36亿,2.10亿,18.0,5.96亿,1.50亿,9.63
1012,300455,康拓红外,2.52亿,6130万,12.84,2.84亿,6748万,10.9,2.95亿,7176万,10.64
1013,300373,扬杰科技,8.34亿,1.38亿,17.68,11.90亿,2.02亿,15.99,14.70亿,2.67亿,12.5
1014,000429,粤高速A,26.58亿,6.96亿,12.38,28.25亿,10.01亿,14.18,30.89亿,15.10亿,17.69
1015,002398,建研集团,13.45亿,2.02亿,10.59,13.85亿,1.67亿,8.12,19.98亿,1.91亿,8.66
1016,300044,赛为智能,6.65亿,7746万,11.26,10.02亿,1.01亿,12.79,14.98亿,1.82亿,13.94
1017,002285,世联行,47.11亿,5.09亿,17.67,62.70亿,7.47亿,19.47,82.12亿,10.04亿,21.85
1018,002138,顺络电子,13.19亿,2.63亿,11.64,17.36亿,3.59亿,14.35,19.88亿,3.41亿,10.64
1019,002090,金智科技,12.41亿,1.30亿,16.81,18.74亿,1.09亿,9.72,23.06亿,1.53亿,12.62
1020,002206,海利得,21.21亿,1.95亿,9.52,25.67亿,2.55亿,10.49,31.86亿,3.14亿,11.21
1021,002185,华天科技,38.74亿,3.19亿,11.76,54.75亿,3.91亿,8.19,70.10亿,4.95亿,9.67
1022,002186,全聚德,18.53亿,1.31亿,9.85,18.47亿,1.40亿,9.97,18.61亿,1.36亿,9.27
1023,000498,山东路桥,74.19亿,3.77亿,13.27,81.48亿,4.30亿,13.21,124亿,5.76亿,15.4
1024,002007,华兰生物,14.72亿,5.89亿,16.72,19.35亿,7.80亿,19.85,23.68亿,8.21亿,18.48
1025,600085,同仁堂,109亿,8.75亿,13.32,121亿,9.33亿,12.51,134亿,10.17亿,12.55
1026,600066,宇通客车,312亿,35.35亿,30.19,359亿,40.44亿,31.24,332亿,31.29亿,22.15
1027,600056,中国医药,206亿,6.14亿,11.9,259亿,9.50亿,15.97,301亿,12.99亿,17.7
1028,000402,金融街,156亿,22.53亿,9.03,199亿,28.04亿,10.6,255亿,30.06亿,10.56
1029,002036,联创电子,14.23亿,1.63亿,17.51,29.72亿,2.10亿,13.94,50.54亿,2.84亿,16.33
1030,600598,北大荒,36.54亿,6.59亿,11.76,30.95亿,7.35亿,12.91,29.92亿,7.80亿,13.27
1031,600597,光明乳业,194亿,4.18亿,9.34,202亿,5.63亿,11.88,217亿,6.17亿,11.92
1032,000910,大亚圣象,76.77亿,3.18亿,11.5,65.31亿,5.41亿,21.22,70.48亿,6.59亿,20.59
1033,600197,伊力特,16.38亿,2.82亿,16.2,16.93亿,2.77亿,14.9,19.19亿,3.53亿,17.44
1034,000022,深赤湾A,18.73亿,5.28亿,12.2,23.81亿,5.32亿,11.57,24.56亿,5.04亿,10.45
1035,002728,特一药业,5.17亿,8111万,10.53,6.56亿,9478万,11.21,6.87亿,1.06亿,11.4
1036,603081,大丰实业,13.96亿,1.60亿,23.91,16.17亿,2.01亿,25.52,17.07亿,2.29亿,18.09
1037,603803,瑞斯康达,17.02亿,2.40亿,17.96,19.99亿,2.53亿,17.13,21.16亿,1.99亿,9.32
1038,300575,中旗股份,8.07亿,9481万,22.16,8.98亿,7716万,15.36,12.95亿,1.17亿,12.28
1039,603165,荣晟环保,7.16亿,7719万,22.68,10.29亿,1.28亿,32.4,20.34亿,3.99亿,43.74
1040,300567,精测电子,4.18亿,7675万,37.57,5.24亿,9868万,33.71,8.95亿,1.67亿,21.08
1041,603990,麦迪科技,2.02亿,3896万,23.31,2.41亿,4521万,21.6,2.69亿,5111万,12.39
1042,001979,招商蛇口,492亿,48.50亿,27.96,636亿,95.81亿,19.02,755亿,122亿,20.32
1043,603186,华正新材,8.89亿,4083万,12.28,12.50亿,8479万,22.7,15.13亿,9360万,16.18
1044,300451,创业软件,4.26亿,4968万,10.22,5.49亿,6300万,9.74,11.53亿,1.63亿,8.74
1045,002765,蓝黛传动,7.83亿,7404万,9.37,11.61亿,1.29亿,12.54,12.15亿,1.26亿,11.18
1046,603858,步长制药,117亿,35.37亿,63.78,123亿,17.69亿,21.21,139亿,16.38亿,12.81
1047,603639,海利尔,10.16亿,1.30亿,26.19,10.26亿,1.46亿,23.87,15.89亿,2.86亿,20.1
1048,603258,电魂网络,4.68亿,2.17亿,54.6,4.94亿,2.56亿,37.06,4.99亿,1.65亿,10.46
1049,603444,吉比特,3.00亿,1.75亿,43.74,13.05亿,5.85亿,78.9,14.40亿,6.10亿,29.58
1050,603131,上海沪工,4.60亿,4848万,15.42,5.00亿,6926万,14.47,7.13亿,6844万,10.79
1051,002789,建艺集团,18.53亿,7957万,14.53,21.27亿,8225万,8.64,24.45亿,9146万,8.1
1052,300495,美尚生态,5.80亿,1.10亿,23.27,10.55亿,2.09亿,17.09,23.04亿,2.84亿,10.38
1053,300406,九强生物,5.66亿,2.45亿,22.89,6.67亿,2.72亿,21.42,6.94亿,2.73亿,19.06
1054,603818,曲美家居,12.55亿,1.17亿,11.71,16.64亿,1.85亿,14.24,20.97亿,2.46亿,16.59
1055,603158,腾龙股份,6.25亿,9283万,14.36,7.75亿,1.18亿,14.33,9.04亿,1.31亿,14.0
1056,300370,安控科技,5.48亿,8016万,16.23,9.35亿,8632万,8.84,17.66亿,1.06亿,8.08
1057,300341,麦迪电气,7.14亿,9476万,11.33,7.32亿,1.14亿,12.26,7.96亿,1.30亿,12.27
1058,300336,新文化,10.26亿,2.48亿,10.24,11.13亿,2.65亿,9.73,12.33亿,2.46亿,8.47
1059,300335,迪森股份,8.43亿,8805万,9.42,10.61亿,1.28亿,10.31,19.21亿,2.13亿,18.35
1060,300296,利亚德,20.23亿,3.31亿,21.23,43.78亿,6.69亿,22.06,64.71亿,12.10亿,24.06
1061,600326,西藏天路,20.87亿,1.46亿,10.81,25.01亿,2.53亿,11.09,35.91亿,3.30亿,13.07
1062,300244,迪安诊断,18.58亿,1.75亿,21.31,38.24亿,2.63亿,13.63,50.04亿,3.50亿,15.97
1063,002563,森马服饰,94.54亿,13.49亿,15.43,107亿,14.27亿,14.92,120亿,11.38亿,11.51
1064,300188,美亚柏科,7.63亿,1.33亿,13.37,9.98亿,1.83亿,10.39,13.37亿,2.72亿,13.56
1065,002518,科士达,15.26亿,2.33亿,14.28,17.50亿,2.96亿,16.07,27.30亿,3.71亿,17.72
1066,002466,天齐锂业,18.67亿,2.48亿,8.24,39.05亿,15.12亿,39.41,54.70亿,21.45亿,35.71
1067,300027,华谊兄弟,38.74亿,9.76亿,13.67,35.03亿,8.08亿,8.45,39.46亿,8.28亿,8.79
1068,600012,皖通高速,24.27亿,9.38亿,11.95,24.99亿,9.33亿,11.16,28.61亿,10.91亿,12.12
1069,600377,宁沪高速,87.61亿,25.07亿,12.45,92.01亿,33.46亿,16.06,94.56亿,35.88亿,16.06
1070,000002,万科A,1955亿,181亿,19.14,2405亿,210亿,19.68,2429亿,281亿,22.8
1071,603225,新凤鸣,146亿,3.04亿,13.56,175亿,7.32亿,26.66,230亿,14.97亿,29.04
1072,603139,康惠制药,3.80亿,6221万,14.59,3.82亿,6523万,13.31,3.67亿,6302万,8.17
1073,603926,铁流股份,6.79亿,9408万,24.88,7.24亿,1.12亿,24.65,8.52亿,1.09亿,12.41
1074,002862,实丰文化,4.19亿,4277万,18.31,4.05亿,4008万,14.56,4.37亿,4340万,9.59
1075,603039,泛微网络,3.17亿,5040万,24.64,4.61亿,6522万,24.86,7.04亿,8697万,16.44
1076,300641,正丹股份,11.01亿,1.38亿,33.66,9.89亿,1.34亿,28.27,11.70亿,1.08亿,13.0
1077,002775,文科园林,10.46亿,9692万,11.8,15.17亿,1.40亿,11.7,25.65亿,2.44亿,18.25
1078,002062,宏润建设,85.08亿,2.11亿,9.11,87.98亿,2.33亿,9.53,81.27亿,2.72亿,10.33
1079,000513,丽珠集团,66.21亿,6.23亿,15.51,76.52亿,7.84亿,15.48,85.31亿,44.29亿,51.17
1080,600750,江中药业,25.97亿,3.67亿,16.56,15.62亿,3.80亿,15.29,17.47亿,4.18亿,15.11
1081,600723,首商股份,109亿,3.44亿,10.83,101亿,2.96亿,8.74,102亿,3.56亿,9.87
1082,600116,三峡水利,13.16亿,2.07亿,10.36,12.58亿,2.31亿,9.92,12.18亿,3.43亿,13.25
1083,600990,四创电子,24.98亿,1.15亿,13.92,39.83亿,2.16亿,13.48,50.57亿,2.01亿,10.33
1084,600036,招商银行,2015亿,577亿,17.09,2097亿,621亿,16.27,2209亿,702亿,16.54
1085,000400,许继电气,73.46亿,7.21亿,11.95,96.07亿,8.69亿,13.02,103亿,6.14亿,8.4
1086,601633,长城汽车,760亿,80.59亿,22.47,986亿,106亿,24.73,1012亿,50.27亿,10.48
1087,002049,紫光国微,12.50亿,3.35亿,12.24,14.19亿,3.36亿,11.09,18.29亿,2.80亿,8.39
1088,600566,济川药业,37.68亿,6.87亿,28.57,46.78亿,9.34亿,29.95,56.42亿,12.23亿,31.78
1089,600170,上海建工,1254亿,18.71亿,9.78,1337亿,20.95亿,9.85,1421亿,25.84亿,10.72
1090,000776,广发证券,334亿,132亿,21.14,207亿,80.30亿,10.29,216亿,85.95亿,10.55
1091,300543,朗科智能,7.14亿,6272万,13.97,9.36亿,7658万,19.92,11.85亿,8017万,12.73
1092,300396,迪瑞医疗,5.67亿,1.08亿,11.36,7.59亿,1.25亿,12.01,8.68亿,1.67亿,14.44
1093,002706,良信电器,10.13亿,1.25亿,13.47,12.26亿,1.62亿,10.0,14.52亿,2.10亿,13.16
1094,002603,以岭药业,31.85亿,4.30亿,9.35,38.50亿,5.33亿,10.61,40.81亿,5.41亿,8.25
1095,601231,环旭电子,273亿,7.61亿,11.39,240亿,8.06亿,11.27,297亿,13.14亿,16.34
1096,000828,东莞控股,10.97亿,8.17亿,18.99,12.52亿,8.29亿,17.12,14.52亿,8.87亿,16.46
1097,600823,世茂股份,156亿,20.34亿,10.32,137亿,21.16亿,8.76,187亿,22.25亿,10.64
1098,601965,中国汽研,12.03亿,3.11亿,8.35,16.55亿,3.40亿,8.63,24.01亿,3.75亿,9.05
1099,300182,捷成股份,22.11亿,5.33亿,18.9,32.78亿,9.61亿,12.59,43.66亿,10.74亿,11.32
1100,300156,神雾环保,12.15亿,1.81亿,10.8,31.25亿,7.06亿,34.07,28.09亿,3.61亿,13.36
1101,300113,顺网科技,10.22亿,2.86亿,23.61,17.02亿,5.21亿,24.94,18.16亿,5.12亿,18.87
1102,300036,超图软件,4.67亿,5878万,8.78,8.33亿,1.27亿,11.04,12.50亿,1.96亿,11.49
1103,300115,长盈精密,38.89亿,4.50亿,15.62,61.19亿,6.84亿,18.76,84.32亿,5.71亿,13.69
1104,600742,一汽富维,98.64亿,4.25亿,11.19,120亿,4.27亿,10.35,127亿,4.68亿,10.57
1105,002042,华孚时尚,68.04亿,3.36亿,9.46,88.37亿,4.79亿,12.43,126亿,6.77亿,11.05
1106,600585,海螺水泥,510亿,75.16亿,11.03,559亿,85.30亿,11.59,753亿,159亿,19.12
1107,600511,国药股份,121亿,5.13亿,19.95,346亿,9.90亿,18.38,363亿,11.41亿,16.06
1108,603839,安正时尚,12.25亿,2.44亿,23.17,12.06亿,2.36亿,19.72,14.21亿,2.73亿,11.95
1109,603883,老百姓,45.68亿,2.41亿,13.65,60.94亿,2.97亿,14.06,75.01亿,3.71亿,18.1
1110,300452,山河药辅,2.59亿,4427万,15.73,2.86亿,4879万,12.74,3.39亿,5034万,11.96
1111,603111,康尼机电,16.56亿,1.84亿,17.96,20.10亿,2.40亿,20.76,24.18亿,2.81亿,20.0
1112,300342,天银机电,5.34亿,1.10亿,13.34,6.54亿,1.65亿,15.62,7.73亿,1.91亿,14.93
1113,002681,奋达科技,17.24亿,2.93亿,13.53,21.04亿,3.85亿,14.2,32.10亿,4.43亿,11.81
1114,002448,中原内配,11.04亿,1.93亿,9.84,11.75亿,2.15亿,10.22,15.04亿,2.79亿,11.58
1115,300294,博雅生物,5.43亿,1.52亿,16.23,9.47亿,2.72亿,13.74,14.61亿,3.57亿,15.8
1116,601318,中国平安,6200亿,542亿,17.1,7125亿,624亿,17.4,8909亿,891亿,20.7
1117,600965,福成股份,13.44亿,1.66亿,10.58,13.71亿,1.85亿,10.93,13.61亿,1.57亿,8.7
1118,601998,中信银行,1451亿,412亿,14.55,1538亿,416亿,12.58,1567亿,426亿,11.67
1119,600420,现代制药,89.88亿,5.30亿,14.34,91.26亿,4.77亿,9.38,85.18亿,5.16亿,8.78
1120,600007,中国国贸,22.71亿,6.28亿,11.61,23.49亿,6.86亿,11.71,27.66亿,6.35亿,10.16
1121,600271,航天信息,224亿,15.55亿,22.04,256亿,15.36亿,17.97,298亿,15.57亿,16.16
1122,000895,双汇发展,447亿,42.56亿,27.24,518亿,44.05亿,28.33,506亿,43.19亿,31.4
1123,300638,广和通,3.26亿,3492万,33.7,3.44亿,4032万,32.51,5.63亿,4386万,14.56
1124,603078,江化微,3.26亿,6193万,20.45,3.33亿,6894万,19.59,3.54亿,5368万,9.09
1125,002861,瀛通通讯,7.70亿,1.35亿,29.51,6.06亿,1.04亿,20.07,7.22亿,8579万,9.78
1126,300427,红相股份,3.05亿,7094万,13.67,4.11亿,7382万,12.49,7.44亿,1.18亿,11.19
1127,603678,火炬电子,10.84亿,1.54亿,14.83,15.03亿,1.93亿,12.45,18.88亿,2.37亿,9.8
1128,603288,海天味业,113亿,25.10亿,32.11,125亿,28.43亿,31.65,146亿,35.31亿,31.12
1129,300288,朗玛信息,3.17亿,9840万,10.59,3.98亿,8515万,8.07,4.12亿,9714万,8.32
1130,002503,搜于特,19.83亿,1.94亿,8.69,63.24亿,3.62亿,12.54,183亿,6.13亿,11.34
1131,002241,歌尔股份,137亿,12.51亿,14.08,193亿,16.51亿,16.3,255亿,21.39亿,16.58
1132,601607,上海医药,1055亿,28.77亿,9.98,1208亿,31.96亿,10.39,1308亿,35.21亿,10.73
1133,600987,航民股份,30.28亿,4.84亿,18.9,31.91亿,5.43亿,18.55,34.96亿,5.74亿,17.28
1134,600663,陆家嘴,75.65亿,21.66亿,12.36,128亿,26.49亿,12.13,93.25亿,31.30亿,22.19
1135,600643,爱建集团,13.24亿,5.55亿,10.18,16.05亿,6.21亿,10.23,23.34亿,8.30亿,12.27
1136,600270,外运发展,43.53亿,10.10亿,14.7,49.50亿,9.95亿,13.31,62.07亿,13.53亿,17.16
1137,600373,中文传媒,116亿,10.58亿,11.52,128亿,12.95亿,12.5,133亿,14.52亿,12.49
1138,600211,西藏药业,13.83亿,9164万,20.58,7.97亿,1.98亿,34.64,9.16亿,2.30亿,14.62
1139,600828,茂业商业,62.25亿,6.46亿,17.49,94.14亿,5.68亿,14.96,118亿,10.35亿,25.04
1140,300639,凯普生物,3.45亿,6521万,17.22,3.98亿,7609万,16.88,4.79亿,9321万,11.83
1141,603050,科林电气,6.05亿,5664万,10.42,7.94亿,6654万,11.2,9.69亿,7276万,8.45
1142,300637,扬帆新材,3.84亿,4175万,17.24,3.85亿,6026万,23.5,4.36亿,6521万,14.17
1143,603027,千禾味业,6.24亿,6653万,15.32,7.71亿,1.00亿,13.11,9.48亿,1.44亿,15.21
1144,603900,莱绅通灵,14.91亿,1.81亿,17.59,16.51亿,2.21亿,18.57,19.64亿,3.09亿,14.35
1145,603663,三祥新材,2.77亿,3310万,14.64,2.78亿,3933万,12.3,4.08亿,5401万,12.17
1146,603996,中新科技,34.63亿,1.08亿,13.18,41.88亿,1.18亿,8.59,66.55亿,1.46亿,10.13
1147,002635,安洁科技,18.80亿,3.07亿,21.42,18.28亿,3.87亿,15.39,27.15亿,3.91亿,9.72
1148,002294,信立泰,34.78亿,12.66亿,30.82,38.33亿,13.96亿,28.68,41.54亿,14.52亿,25.94
1149,002224,三力士,9.31亿,2.47亿,18.79,8.36亿,2.26亿,15.01,9.02亿,1.61亿,9.86
1150,002139,拓邦股份,14.46亿,8063万,9.52,18.27亿,1.44亿,9.74,26.83亿,2.10亿,11.5
1151,000055,方大集团,25.50亿,1.07亿,8.42,42.04亿,6.98亿,38.83,29.47亿,11.44亿,41.53
1152,600550,保变电气,40.27亿,9065万,14.92,40.68亿,1.09亿,30.57,43.68亿,8092万,17.74
1153,002860,星帅尔,2.53亿,5839万,23.38,2.94亿,7374万,24.34,3.55亿,8940万,17.26
1154,603826,坤彩科技,3.27亿,1.00亿,27.85,4.08亿,1.09亿,23.85,4.69亿,1.18亿,12.91
1155,300563,神宇股份,2.64亿,3249万,14.38,3.12亿,3600万,13.22,3.24亿,3976万,9.18
1156,603198,迎驾贡酒,29.27亿,5.30亿,16.42,30.38亿,6.83亿,17.84,31.38亿,6.67亿,16.9
1157,300395,菲利华,3.40亿,8418万,12.38,4.41亿,1.08亿,14.23,5.45亿,1.22亿,14.27
1158,601366,利群股份,106亿,3.38亿,14.55,103亿,3.62亿,14.03,106亿,3.95亿,10.18
1159,300559,佳发安泰,1.49亿,5758万,26.66,1.66亿,6178万,19.45,1.92亿,7314万,11.98
1160,603816,顾家家居,36.85亿,4.98亿,49.88,47.95亿,5.75亿,37.25,66.65亿,8.22亿,22.26
1161,603806,福斯特,33.33亿,6.47亿,16.1,39.52亿,8.48亿,18.81,45.85亿,5.85亿,12.03
1162,603368,柳药股份,65.08亿,2.08亿,16.81,75.59亿,3.21亿,11.49,94.47亿,4.01亿,12.04
1163,603899,晨光文具,37.49亿,4.23亿,21.44,46.62亿,4.93亿,21.81,63.57亿,6.34亿,24.45
1164,300507,苏奥传感,4.70亿,7793万,26.07,5.75亿,9633万,15.53,6.02亿,1.01亿,12.25
1165,300371,汇中股份,2.12亿,6716万,13.84,2.14亿,5292万,10.03,2.47亿,6524万,11.39
1166,603686,龙马环卫,15.32亿,1.51亿,15.91,22.18亿,2.11亿,18.87,30.85亿,2.60亿,19.91
1167,600176,中国巨石,70.55亿,9.83亿,22.13,74.46亿,15.21亿,14.84,86.52亿,21.50亿,18.38
1168,300204,舒泰神,12.48亿,2.11亿,13.41,14.03亿,2.57亿,14.66,13.88亿,2.63亿,12.87
1169,002517,恺英网络,23.39亿,6.55亿,72.08,27.20亿,6.82亿,46.98,31.34亿,16.10亿,39.08
1170,000786,北新建材,75.51亿,8.97亿,11.95,81.56亿,11.71亿,13.75,112亿,23.44亿,20.66
1171,603656,泰禾光电,3.10亿,7513万,26.69,3.71亿,8366万,23.94,3.85亿,8746万,12.53
1172,300673,佩蒂股份,4.97亿,5822万,19.28,5.51亿,8037万,22.26,6.32亿,1.07亿,18.39
1173,600919,江苏银行,280亿,94.97亿,15.72,315亿,106亿,14.47,338亿,119亿,13.72
1174,601127,小康股份,106亿,3.72亿,15.67,162亿,5.14亿,15.93,219亿,7.25亿,17.65
1175,002793,东音股份,5.84亿,8179万,26.13,6.37亿,1.00亿,17.86,8.28亿,1.16亿,16.17
1176,002801,微光股份,3.97亿,8222万,22.17,4.41亿,9994万,17.21,5.69亿,1.08亿,13.61
1177,002074,国轩高科,27.45亿,5.85亿,27.0,47.58亿,10.31亿,29.86,48.38亿,8.38亿,18.27
1178,000524,岭南控股,3.06亿,3923万,10.2,58.19亿,1.37亿,9.84,63.92亿,1.77亿,8.77
1179,600859,王府井,173亿,6.61亿,12.83,235亿,7.67亿,10.85,261亿,9.10亿,9.33
1180,600787,中储股份,178亿,6.67亿,10.35,153亿,7.67亿,8.36,256亿,13.38亿,13.35
1181,600761,安徽合力,56.86亿,3.97亿,10.18,62.01亿,3.96亿,9.52,83.91亿,4.08亿,9.26
1182,600009,上海机场,62.85亿,25.31亿,13.05,69.51亿,28.06亿,13.17,80.62亿,36.83亿,15.53
1183,000888,峨眉山A,10.66亿,1.96亿,10.7,10.42亿,1.91亿,9.35,10.79亿,1.97亿,9.27
1184,600548,深高速,34.21亿,15.53亿,12.94,45.32亿,11.69亿,9.35,48.37亿,14.26亿,10.88
1185,300394,天孚通信,2.37亿,1.03亿,17.4,3.10亿,1.22亿,17.04,3.38亿,1.11亿,14.39
1186,002700,新疆浩源,4.22亿,1.11亿,14.05,3.48亿,8006万,9.24,3.65亿,7577万,8.15
1187,002640,跨境通,39.61亿,1.68亿,8.81,85.37亿,3.94亿,13.55,140亿,7.51亿,16.62
1188,600835,上海机电,193亿,18.35亿,22.76,189亿,14.49亿,16.76,195亿,13.90亿,14.56
1189,000001,平安银行,962亿,219亿,14.94,1077亿,226亿,13.18,1058亿,232亿,11.62
1190,002847,盐津铺子,5.84亿,6544万,30.26,6.83亿,8566万,30.4,7.54亿,6574万,11.96
1191,300636,同和药业,2.75亿,6288万,32.53,2.50亿,5800万,21.04,2.97亿,6546万,12.2
1192,603601,再升科技,2.34亿,5109万,16.47,3.20亿,8082万,10.12,6.40亿,1.14亿,9.95
1193,603887,城地股份,5.56亿,5596万,17.3,5.66亿,5535万,12.35,8.13亿,6639万,9.3
1194,300375,鹏翎股份,9.85亿,1.25亿,12.57,10.88亿,1.57亿,13.29,11.43亿,1.19亿,8.85
1195,300403,地尔汉宇,6.96亿,1.48亿,12.1,7.58亿,1.92亿,15.25,7.78亿,1.61亿,11.24
1196,002624,完美世界,48.93亿,1.34亿,8.45,61.59亿,11.66亿,26.73,79.30亿,15.05亿,19.57
1197,002597,金禾实业,33.28亿,2.14亿,10.94,37.55亿,5.51亿,24.74,44.80亿,10.22亿,35.84
1198,300072,三聚环保,56.98亿,8.21亿,29.28,175亿,16.17亿,29.73,225亿,25.39亿,33.7
1199,002179,中航光电,47.25亿,5.68亿,18.21,58.55亿,7.34亿,19.57,63.62亿,8.25亿,18.41
1200,300271,华宇软件,13.52亿,2.08亿,16.0,18.20亿,2.72亿,16.37,23.38亿,3.81亿,16.33
1201,002172,澳洋科技,38.09亿,1.36亿,14.72,48.76亿,2.59亿,21.84,53.66亿,1.55亿,12.2
1202,600332,白云山,191亿,13.00亿,15.91,200亿,15.08亿,12.75,210亿,20.62亿,11.34
1203,600688,上海石化,808亿,32.46亿,17.83,779亿,59.56亿,26.38,920亿,61.42亿,20.84
1204,600633,浙数文化,34.60亿,6.10亿,15.14,35.50亿,6.12亿,13.78,16.27亿,16.57亿,23.17
1205,600298,安琪酵母,42.13亿,2.80亿,9.55,48.61亿,5.35亿,16.47,57.76亿,8.47亿,24.02
1206,300632,光莆股份,2.61亿,3111万,13.83,3.21亿,4303万,16.32,4.95亿,5228万,11.78
1207,300609,汇纳科技,1.35亿,3716万,19.79,1.73亿,4830万,20.87,2.03亿,5910万,13.98
1208,603398,邦宝益智,3.09亿,6617万,31.53,2.82亿,5856万,10.47,3.31亿,6205万,10.32
1209,002686,亿利达,8.00亿,9620万,11.66,9.87亿,1.20亿,13.15,13.67亿,1.41亿,10.02
1210,002424,贵州百灵,18.99亿,4.11亿,16.74,22.14亿,4.82亿,17.6,25.92亿,5.26亿,16.79
1211,300285,国瓷材料,5.33亿,8592万,11.35,6.84亿,1.30亿,9.05,12.18亿,2.45亿,13.67
1212,002572,索菲亚,31.96亿,4.59亿,21.85,45.30亿,6.64亿,22.55,61.61亿,9.07亿,21.98
1213,002056,横店东磁,39.58亿,3.23亿,9.61,47.10亿,4.41亿,11.81,60.10亿,5.78亿,13.59
1214,000739,普洛药业,43.38亿,2.08亿,8.79,47.72亿,2.63亿,10.45,55.52亿,2.57亿,9.38
1215,600323,瀚蓝环境,33.57亿,4.03亿,9.81,36.90亿,5.09亿,11.04,42.02亿,6.52亿,12.85
1216,600681,百川能源,14.15亿,4.08亿,53.58,17.20亿,5.51亿,32.94,29.72亿,8.58亿,32.13
1217,600523,贵航股份,32.01亿,1.66亿,8.67,33.61亿,1.73亿,8.53,33.91亿,1.94亿,8.94
1218,002807,江阴银行,25.04亿,8.14亿,12.13,24.69亿,7.78亿,9.92,25.07亿,8.08亿,9.1
1219,300457,赢合科技,3.65亿,6023万,11.78,8.50亿,1.24亿,21.72,15.86亿,2.21亿,16.08
1220,002658,雪迪龙,10.02亿,2.63亿,18.07,9.98亿,1.94亿,11.86,10.84亿,2.15亿,11.95
1221,002555,三七互娱,46.57亿,5.06亿,17.58,52.48亿,10.70亿,26.56,61.89亿,16.21亿,28.12
1222,300172,中电环保,6.08亿,1.01亿,10.39,6.48亿,1.09亿,10.28,6.80亿,1.18亿,10.26
1223,600337,美克家居,28.59亿,3.01亿,10.18,34.67亿,3.31亿,10.58,41.79亿,3.65亿,11.02
1224,600114,东睦股份,13.69亿,1.60亿,11.09,14.67亿,1.76亿,10.63,17.83亿,3.00亿,12.48
1225,600525,长园集团,41.62亿,4.83亿,13.1,58.49亿,6.40亿,10.28,74.33亿,11.36亿,15.51
1226,603906,龙蟠科技,8.21亿,5774万,10.94,10.36亿,8961万,14.9,12.97亿,9237万,8.98
1227,002795,永和智控,4.78亿,6600万,29.47,4.56亿,6738万,14.48,5.47亿,5803万,9.6
1228,300511,雪榕生物,10.19亿,1.23亿,21.41,9.99亿,1.05亿,9.94,13.30亿,1.22亿,9.1
1229,603010,万盛股份,8.80亿,8502万,15.52,12.27亿,1.50亿,15.21,14.73亿,9107万,8.54
1230,002717,岭南股份,18.89亿,1.68亿,19.87,25.68亿,2.61亿,12.87,47.79亿,5.09亿,17.51
1231,300017,网宿科技,29.32亿,8.31亿,40.96,44.47亿,12.50亿,21.52,53.73亿,8.30亿,10.91
1232,000049,德赛电池,84.34亿,2.30亿,27.75,87.24亿,2.55亿,24.6,125亿,3.01亿,23.63
1233,603586,金麒麟,11.22亿,1.61亿,21.11,12.90亿,2.07亿,22.97,15.00亿,1.74亿,10.25
1234,002859,洁美科技,5.90亿,8930万,22.8,7.53亿,1.38亿,28.42,9.96亿,1.96亿,17.38
1235,300598,诚迈科技,4.41亿,4301万,20.3,5.06亿,5056万,19.89,4.86亿,3938万,9.36
1236,002858,力盛赛车,2.20亿,2471万,13.46,2.41亿,3267万,15.78,2.82亿,4074万,11.73
1237,300635,达安股份,3.96亿,5094万,20.83,4.07亿,5502万,17.25,4.06亿,5168万,9.91
1238,603126,中材节能,13.73亿,1.07亿,8.03,14.97亿,1.30亿,9.08,16.84亿,1.33亿,8.69
1239,600118,中国卫星,54.48亿,3.83亿,8.64,63.37亿,3.98亿,8.42,73.85亿,4.10亿,8.16
1240,600113,浙江东日,9.88亿,9246万,12.66,3.58亿,9942万,19.03,3.50亿,9556万,15.51
1241,600276,恒瑞医药,93.16亿,21.72亿,24.37,111亿,25.89亿,23.24,138亿,32.17亿,23.28
1242,600398,海澜之家,158亿,29.53亿,40.02,170亿,31.23亿,34.64,182亿,33.29亿,32.51
1243,601012,隆基股份,59.47亿,5.20亿,11.81,115亿,15.47亿,21.77,164亿,35.65亿,30.14
1244,300207,欣旺达,64.72亿,3.25亿,20.05,80.52亿,4.50亿,22.3,140亿,5.44亿,20.81
1245,002419,天虹股份,174亿,12.08亿,24.08,173亿,5.24亿,9.5,185亿,7.18亿,12.47
1246,002195,二三四五,14.70亿,4.17亿,9.83,17.42亿,6.35亿,10.22,32.00亿,9.48亿,13.35
1247,000423,东阿阿胶,54.50亿,16.25亿,24.78,63.17亿,18.52亿,24.1,73.72亿,20.44亿,22.46
1248,600502,安徽水利,91.50亿,2.56亿,14.3,344亿,6.24亿,14.44,355亿,7.81亿,12.45
1249,600062,华润双鹤,51.38亿,6.61亿,10.5,54.95亿,7.14亿,11.15,64.22亿,8.43亿,11.91
1250,002815,崇达技术,17.57亿,3.01亿,32.12,22.47亿,3.76亿,27.48,31.03亿,4.44亿,20.26
1251,300595,欧普康视,1.76亿,8870万,40.04,2.35亿,1.14亿,38.56,3.12亿,1.51亿,21.4
1252,603041,美思德,2.69亿,6734万,20.74,2.82亿,6826万,18.34,3.01亿,5057万,8.18
1253,603303,得邦照明,32.30亿,3.41亿,39.97,32.26亿,3.19亿,28.55,40.31亿,2.10亿,15.47
1254,002836,新宏泽,2.44亿,3654万,14.96,2.68亿,5031万,19.83,2.69亿,4759万,11.69
1255,300493,润欣科技,11.43亿,4120万,14.46,15.39亿,4931万,10.68,18.30亿,5441万,11.26
1256,300422,博世科,5.05亿,4299万,13.11,8.29亿,6268万,11.84,14.69亿,1.47亿,13.78
1257,603600,永艺股份,11.36亿,9120万,18.34,14.02亿,1.20亿,20.61,18.41亿,1.00亿,15.82
1258,300476,胜宏科技,12.85亿,1.27亿,13.81,18.18亿,2.32亿,17.4,24.42亿,2.82亿,14.67
1259,002713,东易日盛,22.57亿,9837万,10.52,29.99亿,1.73亿,17.46,36.12亿,2.18亿,21.05
1260,002677,浙江美大,5.18亿,1.56亿,15.32,6.66亿,2.03亿,18.5,10.26亿,3.05亿,25.73
1261,002372,伟星新材,27.47亿,4.84亿,21.46,33.21亿,6.71亿,26.15,39.03亿,8.21亿,28.19
1262,002281,光迅科技,31.28亿,2.43亿,9.57,40.59亿,2.85亿,9.75,45.53亿,3.34亿,11.39
1263,000999,华润三九,79.00亿,12.49亿,17.33,89.82亿,11.98亿,14.78,111亿,13.02亿,14.06
1264,000418,小天鹅A,131亿,9.19亿,19.32,163亿,11.75亿,21.14,214亿,15.06亿,23.12
1265,000062,深圳华强,20.34亿,3.76亿,14.34,55.45亿,4.26亿,11.24,82.98亿,4.12亿,10.17
1266,000963,华东医药,217亿,10.97亿,42.98,254亿,14.47亿,22.19,278亿,17.80亿,23.02
1267,603955,大千生态,5.26亿,6029万,9.24,5.98亿,6966万,10.49,6.78亿,7834万,8.26
1268,300450,先导智能,5.36亿,1.46亿,27.34,10.79亿,2.91亿,35.56,21.77亿,5.37亿,34.16
1269,002553,南方轴承,3.02亿,6522万,10.23,3.20亿,7228万,10.72,3.89亿,7855万,11.26
1270,002829,星网宇达,2.37亿,6672万,22.4,2.77亿,7333万,20.34,4.10亿,6274万,8.42
1271,300482,万孚生物,4.29亿,1.25亿,24.4,5.47亿,1.45亿,18.79,11.45亿,2.11亿,22.57
1272,300501,海顺新材,2.94亿,5877万,23.99,3.01亿,6460万,12.74,3.76亿,6581万,11.24
1273,002562,兄弟科技,9.05亿,8224万,8.98,10.63亿,1.68亿,9.84,15.65亿,4.03亿,20.88
1274,002233,塔牌集团,38.34亿,3.81亿,8.9,36.29亿,4.54亿,10.1,45.64亿,7.21亿,13.36
1275,002544,杰赛科技,22.94亿,1.07亿,9.74,51.15亿,1.91亿,10.26,59.78亿,2.02亿,9.94
1276,600845,宝信软件,39.38亿,3.12亿,10.99,39.60亿,3.36亿,8.36,47.76亿,4.25亿,9.86
1277,600705,中航资本,86.81亿,23.12亿,15.2,87.48亿,23.24亿,10.77,110亿,27.84亿,12.33
1278,603833,欧派家居,56.07亿,4.88亿,28.44,71.34亿,9.50亿,39.45,97.10亿,13.00亿,25.75
1279,300447,全信股份,2.51亿,7177万,15.9,4.18亿,9090万,15.02,5.67亿,1.23亿,12.88
1280,300444,双杰电气,6.61亿,9015万,13.31,9.98亿,9696万,11.43,14.00亿,1.05亿,9.96
1281,603889,新澳股份,16.21亿,1.32亿,13.1,18.35亿,1.59亿,14.3,23.12亿,2.07亿,12.82
1282,002774,快意电梯,7.47亿,6585万,17.06,7.82亿,9828万,23.44,7.49亿,7498万,8.87
1283,603089,正裕工业,5.72亿,6718万,20.07,6.92亿,8820万,24.21,8.43亿,7200万,10.9
1284,300630,普利制药,2.03亿,5070万,21.25,2.48亿,6978万,25.21,3.25亿,9840万,16.59
1285,002033,丽江旅游,7.86亿,1.97亿,9.96,7.80亿,2.24亿,10.45,6.87亿,2.04亿,9.1
1286,603658,安图生物,7.16亿,2.78亿,46.36,9.80亿,3.50亿,32.22,14.00亿,4.47亿,27.68
1287,603959,百利科技,4.50亿,7487万,17.68,7.69亿,1.06亿,15.34,5.97亿,1.09亿,11.92
1288,300365,恒华科技,3.92亿,8067万,13.75,6.03亿,1.25亿,18.69,8.56亿,1.92亿,22.06
1289,600649,城投控股,83.35亿,36.51亿,19.06,94.77亿,20.95亿,9.62,32.15亿,17.59亿,9.16
1290,300627,华测导航,3.62亿,5288万,27.78,4.82亿,1.02亿,37.24,6.78亿,1.29亿,20.79
1291,300628,亿联网络,6.62亿,2.48亿,74.51,9.24亿,4.32亿,71.36,13.88亿,5.91亿,26.67
1292,300626,华瑞股份,6.76亿,2256万,10.11,6.88亿,3951万,15.54,8.34亿,5692万,13.62
1293,300376,易事特,36.82亿,2.79亿,23.11,52.45亿,4.72亿,20.31,73.18亿,7.14亿,17.86
1294,300014,亿纬锂能,13.49亿,1.51亿,13.86,23.40亿,2.52亿,13.88,29.82亿,4.03亿,18.83
1295,002382,蓝帆医疗,15.09亿,1.70亿,15.24,12.89亿,1.81亿,14.66,15.76亿,2.01亿,14.87
1296,002262,恩华药业,27.67亿,2.58亿,18.13,30.18亿,3.10亿,15.88,33.94亿,3.95亿,17.38
1297,002643,万润股份,16.31亿,2.58亿,11.16,18.47亿,3.19亿,10.56,24.56亿,3.85亿,9.72
1298,000661,长春高新,24.02亿,3.84亿,23.9,28.97亿,4.85亿,15.62,41.02亿,6.62亿,15.99
1299,000603,盛达矿业,8.24亿,2.53亿,26.29,6.86亿,2.02亿,11.8,10.96亿,2.83亿,10.65
1300,000710,贝瑞基因,2.30亿,-1301万,11.14,9.22亿,1.51亿,15.49,11.71亿,2.33亿,18.49
1301,000559,万向钱潮,102亿,7.79亿,19.05,108亿,8.34亿,19.52,112亿,8.82亿,18.99
1302,600346,恒力股份,185亿,6.16亿,12.8,192亿,11.80亿,22.76,223亿,17.19亿,26.71
1303,600338,西藏珠峰,14.91亿,1.60亿,22.62,14.77亿,6.50亿,66.21,24.67亿,11.14亿,71.24
1304,603960,克来机电,1.55亿,3062万,16.74,1.92亿,3580万,16.56,2.52亿,4924万,12.97
1305,300586,美联新材,3.47亿,4117万,14.48,4.18亿,4732万,14.4,4.64亿,5457万,9.63
1306,603338,浙江鼎力,4.79亿,1.26亿,16.78,6.95亿,1.75亿,17.48,11.39亿,2.83亿,22.14
1307,002732,燕塘乳业,10.32亿,9606万,12.8,11.01亿,1.06亿,13.06,12.39亿,1.21亿,13.44
1308,002727,一心堂,53.21亿,3.46亿,16.09,62.49亿,3.53亿,14.96,77.51亿,4.23亿,16.02
1309,002756,永兴特钢,33.60亿,2.22亿,9.39,31.63亿,2.54亿,8.54,40.31亿,3.52亿,10.96
1310,300146,汤臣倍健,22.66亿,6.35亿,15.69,23.09亿,5.35亿,11.76,31.11亿,7.66亿,15.8
1311,300144,宋城演艺,16.95亿,6.31亿,15.15,26.44亿,9.02亿,15.07,30.24亿,10.68亿,15.6
1312,300039,上海凯宝,13.96亿,2.82亿,14.25,14.97亿,2.83亿,13.48,15.70亿,2.72亿,11.79
1313,603179,新泉股份,9.02亿,5257万,11.39,17.11亿,1.14亿,21.14,30.95亿,2.50亿,22.52
1314,603579,荣泰健康,10.24亿,1.43亿,59.36,12.85亿,2.07亿,55.46,19.18亿,2.16亿,18.85
1315,603517,绝味食品,29.21亿,3.01亿,28.43,32.74亿,3.80亿,28.91,38.50亿,5.02亿,22.85
1316,300625,三雄极光,18.47亿,1.81亿,27.95,18.97亿,2.47亿,36.64,22.66亿,2.56亿,14.09
1317,300487,蓝晓科技,2.95亿,5085万,9.6,3.32亿,6170万,8.78,4.44亿,9319万,12.19
1318,300446,乐凯新材,2.41亿,9872万,28.49,2.61亿,1.08亿,23.54,2.58亿,1.04亿,19.77
1319,002768,国恩股份,7.50亿,7224万,13.95,12.83亿,1.31亿,17.04,20.47亿,2.03亿,22.23
1320,002258,利尔化学,14.89亿,1.38亿,11.27,19.82亿,2.08亿,10.98,30.84亿,4.02亿,18.11
1321,000565,渝三峡A,6.48亿,1.45亿,20.8,23.57亿,2.23亿,25.18,36.09亿,8113万,8.01
1322,600660,福耀玻璃,136亿,26.05亿,18.88,166亿,31.44亿,18.62,187亿,31.49亿,17.16
1323,300568,星源材质,4.25亿,1.18亿,23.99,5.06亿,1.55亿,24.75,5.21亿,1.07亿,8.62
1324,601155,新城控股,236亿,18.36亿,22.53,280亿,30.19亿,22.44,405亿,60.29亿,34.18
1325,300286,安科瑞,3.07亿,6412万,12.7,3.29亿,8013万,14.29,4.05亿,9458万,15.09
1326,300416,苏试试验,3.13亿,4842万,11.71,3.94亿,5397万,11.63,4.91亿,6128万,12.06
1327,300363,博腾股份,10.21亿,1.10亿,11.95,13.27亿,1.71亿,14.3,11.84亿,1.07亿,8.12
1328,603811,诚意药业,3.17亿,5771万,23.82,3.21亿,6817万,26.42,3.41亿,6924万,13.62
1329,300622,博士眼镜,3.76亿,3529万,15.3,4.16亿,3778万,16.37,4.71亿,5220万,13.4
1330,603903,中持股份,3.30亿,4533万,12.92,4.09亿,4675万,11.4,5.29亿,6219万,9.88
1331,603991,至正股份,3.01亿,3366万,17.54,3.51亿,3745万,16.47,4.27亿,3796万,9.54
1332,002853,皮阿诺,5.12亿,6853万,24.7,6.30亿,8754万,25.75,8.26亿,1.03亿,12.81
1333,300623,捷捷微电,2.41亿,8072万,20.58,3.32亿,1.16亿,25.88,4.31亿,1.44亿,14.29
1334,300510,金冠电气,2.62亿,5005万,17.34,3.78亿,5637万,11.94,7.41亿,1.26亿,9.0
1335,603630,拉芳家化,9.85亿,1.43亿,22.68,10.49亿,1.49亿,19.53,9.81亿,1.38亿,9.46
1336,603665,康隆达,6.13亿,6261万,19.69,7.16亿,9376万,26.31,7.67亿,7225万,9.38
1337,603908,牧高笛,4.55亿,5424万,34.66,4.31亿,4749万,26.0,5.16亿,5005万,13.37
1338,300620,光库科技,1.37亿,3051万,25.05,1.76亿,4956万,28.79,2.30亿,5993万,15.3
1339,300621,维业股份,13.38亿,3646万,11.74,15.97亿,5513万,13.11,19.58亿,7878万,11.53
1340,300409,道氏技术,5.54亿,5091万,8.92,8.04亿,1.01亿,9.32,16.96亿,1.52亿,12.41
1341,601211,国泰君安,376亿,157亿,23.65,258亿,98.41亿,10.64,238亿,98.82亿,9.05
1342,002852,道道全,21.86亿,1.83亿,48.4,26.91亿,2.06亿,37.2,33.02亿,1.91亿,12.01
1343,002014,永新股份,18.49亿,1.90亿,12.01,19.04亿,2.03亿,12.31,20.08亿,2.05亿,12.16
1344,002245,澳洋顺昌,16.61亿,2.41亿,15.93,19.89亿,2.06亿,11.61,36.39亿,3.54亿,16.27
1345,300618,寒锐钴业,9.32亿,2839万,10.9,7.43亿,6657万,20.75,14.65亿,4.49亿,52.67
1346,603717,天域生态,8.20亿,9821万,22.24,8.26亿,1.10亿,20.14,9.47亿,1.21亿,11.14
1347,603178,圣龙股份,11.16亿,6870万,22.51,12.53亿,7970万,21.5,15.76亿,9448万,13.52
1348,002851,麦格米特,8.13亿,5658万,10.25,11.54亿,1.10亿,17.27,14.94亿,1.17亿,10.06
1349,300616,尚品宅配,30.88亿,1.40亿,25.79,40.26亿,2.56亿,35.2,53.23亿,3.80亿,18.0
1350,603768,常青股份,11.37亿,7717万,13.81,14.92亿,1.48亿,22.09,19.16亿,1.27亿,9.1
1351,603138,海量数据,3.91亿,3616万,31.59,4.70亿,4360万,29.37,5.18亿,5689万,17.23
1352,300617,安靠智电,2.71亿,6378万,22.15,3.24亿,7258万,20.38,3.60亿,7980万,10.66
1353,603578,三星新材,2.38亿,3772万,17.87,2.74亿,4771万,20.29,2.99亿,5536万,12.82
1354,300619,金银河,1.81亿,2394万,15.16,2.93亿,4312万,23.19,4.90亿,4746万,12.88
1355,002850,科达利,11.33亿,1.54亿,26.81,14.55亿,2.33亿,30.01,14.52亿,1.66亿,8.29
1356,603388,元成股份,4.44亿,4886万,14.64,5.46亿,5304万,13.78,8.42亿,9178万,13.92
1357,300033,同花顺,14.42亿,9.57亿,57.81,17.34亿,12.12亿,49.61,14.10亿,7.26亿,24.68
1358,600167,联美控股,17.63亿,4.59亿,21.85,20.44亿,6.99亿,32.59,23.76亿,9.22亿,17.84
1359,300613,富瀚微,1.82亿,3736万,28.79,3.22亿,1.12亿,52.71,4.49亿,1.06亿,13.36
1360,002846,英联股份,2.94亿,4515万,19.98,3.40亿,5542万,21.09,4.58亿,4540万,9.03
1361,002742,三圣股份,14.11亿,1.22亿,11.1,15.13亿,1.18亿,9.37,19.02亿,1.80亿,13.33
1362,002107,沃华医药,4.69亿,7137万,11.06,5.63亿,4881万,10.18,7.27亿,5703万,11.02
1363,600816,安信信托,29.55亿,17.22亿,42.73,52.46亿,30.34亿,41.15,55.92亿,36.68亿,25.23
1364,603716,塞力斯,5.30亿,6146万,14.29,6.27亿,6892万,12.59,9.21亿,9385万,10.57
1365,002849,威星智能,2.70亿,3549万,16.45,3.90亿,5223万,20.6,5.02亿,5320万,10.85
1366,603025,大豪科技,6.22亿,1.85亿,14.75,6.90亿,2.39亿,16.19,10.57亿,3.97亿,24.94
1367,300561,汇金科技,1.70亿,7097万,34.38,2.18亿,7886万,27.99,2.42亿,7972万,12.37
1368,002411,必康股份,20.23亿,5.68亿,25.16,37.24亿,9.54亿,12.91,53.68亿,8.93亿,10.19
1369,600978,宜华生活,45.92亿,6.16亿,9.29,57.00亿,7.09亿,9.91,80.22亿,7.53亿,9.84
1370,600048,保利地产,1234亿,123亿,18.63,1548亿,124亿,15.53,1463亿,156亿,16.32
1371,000031,中粮地产,135亿,7.22亿,10.45,180亿,7.20亿,11.61,140亿,9.45亿,15.44
